subband_index,subband_min_frequency_hz,subband_max_frequency_hz,signal_index,frequency_hz,decay_rate,log_probability
4,0.00315,0.0032,1,0.003167034,3.88E-05,17390.61658
5,0.0032,0.00325,1,0.00324499,4.79E-05,15813.19604
2,0.00305,0.0031,1,0.003074248,4.61E-05,13353.39876
8,0.00335,0.0034,1,0.003357816,4.56E-05,12917.65375
6,0.00325,0.0033,1,0.003261723,4.26E-05,12069.66411
13,0.0036,0.00365,1,0.00363016,5.81E-05,10511.13547
11,0.0035,0.00355,1,0.003539078,4.86E-05,9788.743378
17,0.0038,0.00385,1,0.003816633,6.01E-05,8696.587447
9,0.0034,0.00345,1,0.003448998,4.21E-05,7337.20315
10,0.00345,0.0035,1,0.003455411,4.06E-05,7220.305869
14,0.00365,0.0037,1,0.003666433,0.000119767,7017.403546
3,0.0031,0.00315,1,0.003145892,6.46E-05,6009.075942
7,0.0033,0.00335,1,0.003342385,7.62E-05,5192.753607
12,0.00355,0.0036,1,0.00355501,9.28E-05,4696.392972
1,0.003,0.00305,1,0.003044289,0.000105204,4614.122688
16,0.00375,0.0038,1,0.003791383,7.17E-05,4250.26047
18,0.00385,0.0039,1,0.00389499,6.07E-05,4215.944423
10,0.00345,0.0035,2,0.003496393,4.37E-05,4090.666109
19,0.0039,0.00395,1,0.003904309,6.52E-05,3803.589333
1,0.003,0.00305,2,0.003004108,3.64E-05,3134.346091
4,0.00315,0.0032,3,0.003183267,3.77E-05,2975.026653
12,0.00355,0.0036,2,0.0036,4.81E-05,2250.08243
15,0.0037,0.00375,1,0.003721242,0.000113258,2193.346152
13,0.0036,0.00365,3,0.003645792,5.81E-05,2172.508647
6,0.00325,0.0033,3,0.003277355,4.61E-05,2059.733948
20,0.00395,0.004,1,0.003980361,0.000117628,1948.710779
1,0.003,0.00305,3,0.003033166,4.05E-05,1919.098545
9,0.0034,0.00345,3,0.003433166,4.21E-05,1904.026704
10,0.00345,0.0035,3,0.00345,8.10E-05,1840.990824
9,0.0034,0.00345,2,0.003407515,4.21E-05,1725.298719
19,0.0039,0.00395,2,0.003946192,5.57E-05,1724.822122
14,0.00365,0.0037,2,0.0037,4.56E-05,1543.942201
4,0.00315,0.0032,2,0.00315,3.77E-05,1474.921355
16,0.00375,0.0038,2,0.00375,7.17E-05,1199.851037
14,0.00365,0.0037,3,0.003674349,4.56E-05,1191.022347
5,0.0032,0.00325,3,0.003233667,2.86E-05,1183.641726
13,0.0036,0.00365,4,0.0036,5.81E-05,1182.176296
12,0.00355,0.0036,3,0.003566533,4.81E-05,1166.831286
19,0.0039,0.00395,3,0.003915631,5.57E-05,1085.998533
3,0.0031,0.00315,2,0.0031,9.13E-05,1081.633784
14,0.00365,0.0037,4,0.00365,4.56E-05,1051.729404
5,0.0032,0.00325,2,0.003217735,2.86E-05,1002.141912
8,0.00335,0.0034,2,0.0034,0.00012,918.5410646
14,0.00365,0.0037,5,0.0037,0.00012,915.7454909
5,0.0032,0.00325,4,0.0032,4.75E-05,906.5571349
13,0.0036,0.00365,2,0.0036,0.00012,906.4813909
16,0.00375,0.0038,3,0.0038,0.00012,840.032202
8,0.00335,0.0034,3,0.00335,4.24E-05,835.5597487
17,0.0038,0.00385,4,0.0038,6.01E-05,825.5893108
11,0.0035,0.00355,3,0.00355,4.78E-05,822.4509722
10,0.00345,0.0035,4,0.003483968,4.06E-05,798.0501748
7,0.0033,0.00335,3,0.00335,7.62E-05,797.1139277
6,0.00325,0.0033,2,0.00325,4.26E-05,787.3311888
4,0.00315,0.0032,5,0.003164729,3.77E-05,767.6885373
9,0.0034,0.00345,4,0.0034,7.51E-05,765.8237117
17,0.0038,0.00385,5,0.003828758,6.01E-05,756.81375
17,0.0038,0.00385,3,0.00385,0.00012,746.3305028
6,0.00325,0.0033,4,0.00325,4.26E-05,720.5052549
15,0.0037,0.00375,3,0.0037,0.000113258,710.6916152
3,0.0031,0.00315,3,0.00315,0.00012,603.6421913
11,0.0035,0.00355,2,0.0035,0.00012,603.1096003
7,0.0033,0.00335,4,0.003329259,7.62E-05,597.3602964
5,0.0032,0.00325,5,0.00325,0.00012,590.6035616
1,0.003,0.00305,4,0.00305,3.64E-05,575.815803
4,0.00315,0.0032,4,0.00315,3.77E-05,561.564773
2,0.00305,0.0031,2,0.0031,7.07E-05,554.0302347
1,0.003,0.00305,5,0.003,0.00012,524.1052972
6,0.00325,0.0033,5,0.0033,0.00012,523.8620354
7,0.0033,0.00335,2,0.003320641,7.62E-05,517.2657497
20,0.00395,0.004,3,0.004,0.000117628,492.9870386
2,0.00305,0.0031,3,0.00305,9.45E-05,488.2417242
17,0.0038,0.00385,2,0.0038,0.00012,487.3586724
19,0.0039,0.00395,4,0.003940882,5.57E-05,482.8976201
15,0.0037,0.00375,4,0.003742886,0.000113258,476.8101456
9,0.0034,0.00345,5,0.00345,0.00012,461.5693796
10,0.00345,0.0035,5,0.003460922,4.06E-05,448.2941574
7,0.0033,0.00335,5,0.00335,7.62E-05,436.9577286
16,0.00375,0.0038,5,0.003777956,7.17E-05,413.4402527
18,0.00385,0.0039,3,0.003875651,6.07E-05,408.8785617
13,0.0036,0.00365,5,0.00365,0.00012,347.6447032
16,0.00375,0.0038,4,0.00375,7.17E-05,303.8580874
15,0.0037,0.00375,5,0.0037,0.000113258,302.10817
19,0.0039,0.00395,5,0.0039,0.00012,295.2943691
8,0.00335,0.0034,4,0.003375451,4.24E-05,286.5359462
12,0.00355,0.0036,4,0.0036,6.94E-05,280.1508675
12,0.00355,0.0036,5,0.00355,0.00012,269.7342984
20,0.00395,0.004,4,0.00395,0.000117628,264.7824256
2,0.00305,0.0031,5,0.003062024,3.97E-05,261.6244916
3,0.0031,0.00315,4,0.0031,0.00012,259.1334103
11,0.0035,0.00355,4,0.003522144,4.78E-05,257.2933322
18,0.00385,0.0039,4,0.0039,6.07E-05,256.292466
15,0.0037,0.00375,2,0.00375,0.000113258,252.9102406
18,0.00385,0.0039,5,0.00385,0.00012,243.2918104
2,0.00305,0.0031,4,0.003085972,3.97E-05,226.9581761
11,0.0035,0.00355,5,0.0035,4.78E-05,221.865957
20,0.00395,0.004,2,0.00395,0.000117628,195.2146186
18,0.00385,0.0039,2,0.00385,6.07E-05,171.1888911
8,0.00335,0.0034,5,0.003360421,4.24E-05,152.1813629
20,0.00395,0.004,5,0.004,0.000117628,115.6842696
3,0.0031,0.00315,5,0.00315,0.00012,104.5784981
