mode,f_obs,f_unc,f_prem,q_obs,q_unc,q_prem,Q_obs,Q_unc,Q_prem,k_obs,k_unc,k_prem,ref
0S2,309.25,0.25,309.28,2.3,0.25,1.962,434.7826087,47.25897921,509.6839959,2.23E-06,2.43E-07,1.91E-06,A
0T2,378.7,0.5,379.17,3.53,0.65,3.994,283.286119,52.16316638,250.3755633,4.20E-06,7.73E-07,4.76E-06,A
0S3,468.46,0.15,468.56,2.46,0.15,2.395,406.504065,24.78683323,417.5365344,3.62E-06,2.21E-07,3.53E-06,A
0T3,585.45,0.5,586.16,4.45,0.5,4.167,224.7191011,25.2493372,239.9808015,8.18E-06,9.20E-07,7.67E-06,A
0S4,646.82,0.1,647.07,2.75,0.25,2.68,363.6363636,33.05785124,373.1343284,5.59E-06,5.08E-07,5.45E-06,A
1S2,680.13,0.2,679.85,3.12,0.2,3.222,320.5128205,20.54569362,310.3662322,6.67E-06,4.27E-07,6.88E-06,"26c ,A"
0T4,765.64,0.3,765.66,3.92,0.3,4.382,255.1020408,19.52311537,228.2062985,9.43E-06,7.22E-07,1.05E-05,A
0S0,814.38,0.01,814.31,0.19,0.03,0.188,5263.157895,831.0249307,5319.148936,4.86E-07,7.68E-08,4.81E-07,"21c ,A"
0S5,840.01,0.1,840.42,2.92,0.15,2.812,342.4657534,17.59241884,355.6187767,7.71E-06,3.96E-07,7.42E-06,A
0T5,928.3,0.25,928.24,3.92,0.35,4.621,255.1020408,22.77696793,216.4033759,1.14E-05,1.02E-06,1.35E-05,"RR,A"
1S3,939.9,0.2,939.83,3.01,0.15,3.537,332.2259136,16.55610865,282.7254736,8.89E-06,4.43E-07,1.04E-05,27
3S1,944.35,0.15,943.95,1.17,0.05,1.209,854.7008547,36.52567755,827.1298594,3.47E-06,1.48E-07,3.59E-06,34c
0S6,1037.53,0.1,1038.21,3.04,0.1,2.879,328.9473684,10.82063712,347.3428274,9.91E-06,3.26E-07,9.39E-06,A
0T6,1079.2,0.2,1078.83,4.06,0.3,4.868,246.3054187,18.19990779,205.4231717,1.38E-05,1.02E-06,1.65E-05,"RR,A"
3S2,1106.3,0.3,1106.21,3.3,0.3,2.728,303.030303,27.54820937,366.568915,1.15E-05,1.04E-06,9.48E-06,27c
1S4,1172.78,0.2,1172.85,3.5,0.2,3.689,285.7142857,16.32653061,271.0761724,1.29E-05,7.37E-07,1.36E-05,27
0T7,1221.15,0.2,1220.7,4.8,0.3,5.112,208.3333333,13.02083333,195.6181534,1.84E-05,1.15E-06,1.96E-05,"37,RR"
0S7,1231.05,0.1,1231.79,2.95,0.15,2.923,338.9830508,17.23642631,342.1142662,1.14E-05,5.80E-07,1.13E-05,27
1T1,1235.3,0.5,1236.11,3.5,0.3,3.847,285.7142857,24.48979592,259.9428126,1.36E-05,1.16E-06,1.49E-05,"A,RR"
2S3,1242.95,0.15,1242.19,2.5,0.2,2.407,400,32,415.4549231,9.76E-06,7.81E-07,9.39E-06,A
1T2,1319.15,0.2,1320.13,3.35,0.25,3.901,298.5074627,22.27667632,256.344527,1.39E-05,1.04E-06,1.62E-05,"A,RR"
0T8,1356.6,0.35,1356.11,5.1,0.3,5.346,196.0784314,11.53402537,187.0557426,2.17E-05,1.28E-06,2.28E-05,"34,RR"
1S5,1370,0.2,1370.27,3.1,0.2,3.426,322.5806452,20.81165453,291.8855809,1.33E-05,8.61E-07,1.47E-05,27
2S4,1379.7,0.2,1379.2,2.6,0.2,2.63,384.6153846,29.58579882,380.2281369,1.13E-05,8.67E-07,1.14E-05,27
4S1,1411.7,0.2,1412.64,2.6,0.25,2.817,384.6153846,36.98224852,354.9875754,1.15E-05,1.11E-06,1.25E-05,ss
0S8,1412.85,0.1,1413.51,2.92,0.1,2.964,342.4657534,11.72827923,337.3819163,1.30E-05,4.44E-07,1.32E-05,"27c ,RR"
1T3,1438.5,0.3,1439.13,3.75,0.25,3.955,266.6666667,17.77777778,252.8445006,1.69E-05,1.13E-06,1.79E-05,"A,RR"
0T9,1487.07,0.2,1486.61,5.2,0.3,5.566,192.3076923,11.09467456,179.662235,2.43E-05,1.40E-06,2.60E-05,RR
2S5,1515.6,0.3,1514.93,3.3,0.2,3.309,303.030303,18.36547291,302.2061046,1.57E-05,9.52E-07,1.57E-05,27
1S6,1521.5,0.2,1522.04,2.45,0.15,2.893,408.1632653,24.98958767,345.6619426,1.17E-05,7.17E-07,1.38E-05,27
0S9,1577.55,0.15,1578.28,2.9,0.15,3.005,344.8275862,17.83590963,332.7787022,1.44E-05,7.43E-07,1.49E-05,"27c ,RR"
1T4,1585.5,0.4,1585.5,3.6,0.3,4.006,277.7777778,23.14814815,249.6255617,1.79E-05,1.49E-06,2.00E-05,"A,RR"
0T10,1613.67,0.4,1613.26,5.67,0.35,5.773,176.366843,10.88684216,173.2201628,2.87E-05,1.77E-06,2.93E-05,RR
1S0,1631.57,0.05,1631.34,0.5,0.03,0.667,2000,120,1499.250375,2.56E-06,1.54E-07,3.42E-06,"21c ,A"
1S7,1654.55,0.15,1655.51,2.4,0.15,2.687,416.6666667,26.04166667,372.1622627,1.25E-05,7.80E-07,1.40E-05,27
2S6,1681.3,0.3,1680.84,4.1,0.2,4.203,243.902439,11.89767995,237.9252915,2.17E-05,1.06E-06,2.22E-05,27
4S2,1721.65,0.2,1722.3,2.05,0.15,2.303,487.804878,35.69303986,434.2162397,1.11E-05,8.11E-07,1.25E-05,ss
0S10,1725.6,0.2,1726.47,2.92,0.1,3.05,342.4657534,11.72827923,327.8688525,1.58E-05,5.42E-07,1.65E-05,"32c ,RR"
0T11,1737.42,0.2,1736.85,5.85,0.35,5.963,170.9401709,10.22718971,167.7008217,3.19E-05,1.91E-06,3.25E-05,RR
1T5,1750.15,0.3,1750.49,3.64,0.2,4.061,274.7252747,15.09479531,246.2447673,2.00E-05,1.10E-06,2.23E-05,"A,RR"
1S8,1797.8,0.25,1799.3,2.4,0.25,2.635,416.6666667,43.40277778,379.5066414,1.36E-05,1.41E-06,1.49E-05,27
0T12,1858.82,0.2,1857.94,5.95,0.35,6.138,168.0672269,9.886307464,162.9195178,3.47E-05,2.04E-06,3.58E-05,RR
0S11,1861.3,0.4,1862.42,2.94,0.1,3.105,340.1360544,11.56925355,322.0611916,1.72E-05,5.85E-07,1.82E-05,RR
2S7,1865.2,0.4,1864.96,4.4,0.25,4.726,227.2727273,12.91322314,211.5954295,2.58E-05,1.46E-06,2.77E-05,ss
1T6,1925.3,0.3,1925.61,3.75,0.2,4.129,266.6666667,14.22222222,242.1893921,2.27E-05,1.21E-06,2.50E-05,"ss,RR"
1S9,1962,0.4,1963.74,2.45,0.25,2.629,408.1632653,41.64931279,380.3727653,1.51E-05,1.54E-06,1.62E-05,27
0T13,1977.88,0.2,1976.99,6.17,0.45,6.297,162.0745543,11.82067252,158.8057805,3.83E-05,2.80E-06,3.91E-05,RR
6S1,1983.2,1,1980.38,1.77,0.6,1.538,564.9717514,191.5158479,650.1950585,1.10E-05,3.74E-06,9.57E-06,ss
0S12,1989,0.3,1990.37,2.95,0.1,3.173,338.9830508,11.49095088,315.1591554,1.84E-05,6.25E-07,1.98E-05,"32c ,RR"
4S3,2048.35,0.15,2048.97,1.86,0.15,2.083,537.6344086,43.3576136,480.0768123,1.20E-05,9.65E-07,1.34E-05,"27,ss"
2S8,2050,0.35,2049.21,5.1,0.3,5.057,196.0784314,11.53402537,197.745699,3.28E-05,1.93E-06,3.26E-05,27
5S2,2090.6,0.3,2091.28,3.13,0.2,3.146,319.4888179,20.41462095,317.8639542,2.06E-05,1.31E-06,2.07E-05,ss
0T14,2095.43,0.2,2094.36,6.33,0.45,6.442,157.9778831,11.2306552,155.2312946,4.17E-05,2.96E-06,4.24E-05,RR
1T7,2103.2,0.3,2103.79,3.6,0.3,4.214,277.7777778,23.14814815,237.304224,2.38E-05,1.98E-06,2.79E-05,"ss,RR"
0S13,2111.58,0.1,2112.94,3.11,0.1,3.255,321.5434084,10.33901635,307.2196621,2.06E-05,6.63E-07,2.16E-05,"32c ,RR"
1S10,2146.5,0.5,2148.42,2.39,0.25,2.643,418.4100418,43.76674078,378.3579266,1.61E-05,1.69E-06,1.78E-05,WT
5S3,2168.8,0.2,2169.66,3.25,0.2,3.42,307.6923077,18.93491124,292.3976608,2.21E-05,1.36E-06,2.33E-05,"27,ss"
2T1,2187,2,2187.83,4.27,0.4,4.904,234.1920375,21.93836417,203.9151713,2.93E-05,2.75E-06,3.37E-05,ss
0T15,2211.16,0.4,2210.34,6.45,0.45,6.572,155.0387597,10.81665765,152.1606817,4.48E-05,3.13E-06,4.56E-05,RR
2S9,2229.3,0.45,2228.75,5.3,0.4,5.312,188.6792453,14.23994304,188.253012,3.71E-05,2.80E-06,3.72E-05,ss
0S14,2229.8,0.25,2231.4,3.15,0.1,3.352,317.4603175,10.07810532,298.3293556,2.21E-05,7.01E-07,2.35E-05,"32c ,RR"
2T2,2232,1,2230.84,4.04,0.4,4.878,247.5247525,24.50740124,205.00205,2.83E-05,2.80E-06,3.42E-05,"ss,RR"
4S4,2278.5,0.3,2279.6,3.25,0.2,3.446,307.6923077,18.93491124,290.1915264,2.33E-05,1.43E-06,2.47E-05,"26,ss"
1T8,2280,0.7,2280.23,3.81,0.35,4.308,262.4671916,24.11115933,232.1262767,2.73E-05,2.51E-06,3.09E-05,"ss,RR"
2T3,2294.9,1.5,2294.97,3.77,0.4,4.836,265.2519894,28.14344715,206.7824648,2.72E-05,2.88E-06,3.49E-05,ss
0T16,2326.4,0.3,2325.19,6.76,0.5,6.69,147.9289941,10.94149365,149.4768311,4.94E-05,3.65E-06,4.89E-05,RR
0S15,2344.95,0.15,2346.38,3.18,0.1,3.463,314.4654088,9.888849333,288.7669651,2.34E-05,7.37E-07,2.55E-05,"32c ,RR"
1S11,2346.2,0.5,2347.54,,,2.674,,,373.9715782,,,1.97E-05,W
5S4,2379.25,0.15,2379.52,1.87,0.1,2.044,534.7593583,28.59675713,489.2367906,1.40E-05,7.47E-07,1.53E-05,"27,ss"
2T4,2379.5,0.8,2379.86,4.11,0.4,4.775,243.3090024,23.67970827,209.4240838,3.07E-05,2.99E-06,3.57E-05,"ss,RR"
2S10,2403.6,0.5,2402.93,5.5,0.3,5.518,181.8181818,9.917355372,181.2250816,4.15E-05,2.27E-06,4.17E-05,"32,ss"
4S5,2411.2,0.3,2411.43,3.45,0.2,3.541,289.8550725,16.80319261,282.4061,2.61E-05,1.52E-06,2.68E-05,ss
0T17,2440.32,0.4,2439.09,6.8,0.5,6.795,147.0588235,10.81314879,147.1670346,5.21E-05,3.83E-06,5.21E-05,RR
1T9,2452.2,0.5,2452.49,3.97,0.25,4.399,251.8891688,15.86203834,227.3243919,3.06E-05,1.93E-06,3.39E-05,RR
0S16,2456.9,0.15,2458.22,3.25,0.1,3.586,307.6923077,9.467455621,278.8622421,2.51E-05,7.72E-07,2.77E-05,"32c ,RR"
2T5,2484.9,2,2485.09,3.98,0.4,4.693,251.2562814,25.25188758,213.0833156,3.11E-05,3.12E-06,3.66E-05,ss
2S0,2509,0.35,2510.48,0.83,0.05,0.805,1204.819277,72.57947452,1242.236025,6.54E-06,3.94E-07,6.35E-06,"21,A"
7S2,2519,1.5,2517.29,3.55,0.5,2.929,281.6901408,39.67466772,341.4134517,2.81E-05,3.96E-06,2.32E-05,ss
3S6,2548.9,0.35,2549.64,3.25,0.35,3.629,307.6923077,33.13609467,275.558005,2.60E-05,2.80E-06,2.91E-05,RR
0T18,2553.35,0.4,2552.22,6.91,0.5,6.89,144.7178003,10.47162086,145.137881,5.54E-05,4.01E-06,5.52E-05,"32c ,RR"
0S17,2565.8,0.3,2567.12,3.28,0.11,3.719,304.8780488,10.22456871,268.8894864,2.64E-05,8.87E-07,3.00E-05,"32c ,RR"
2S11,2572.3,0.35,2572.16,,,5.676,,,176.1804087,,,4.59E-05,40/RR
2T6,2609.65,2,2610.08,4.16,0.5,4.591,240.3846154,28.89238166,217.817469,3.41E-05,4.10E-06,3.76E-05,ss
1T10,2620.2,0.8,2620.02,3.93,0.35,4.479,254.4529262,22.66120208,223.2641215,3.24E-05,2.88E-06,3.69E-05,ss
0T19,2665.76,0.2,2664.71,7.04,0.55,6.974,142.0454545,11.09730114,143.3897333,5.90E-05,4.61E-06,5.84E-05,RR
0S18,2672.5,0.3,2673.3,3.38,0.1,3.86,295.8579882,8.753194916,259.0673575,2.84E-05,8.40E-07,3.24E-05,RR
3S7,2687.2,1.2,2686.33,3.52,0.3,3.713,284.0909091,24.21229339,269.3239968,2.97E-05,2.53E-06,3.13E-05,ss
5S5,2703.5,0.2,2703.36,1.83,0.1,1.99,546.4480874,29.86055123,502.5125628,1.55E-05,8.49E-07,1.69E-05,"27,ss"
2S12,2737.5,0.6,2737.31,4.58,0.5,5.769,218.3406114,23.83631128,173.3402669,3.94E-05,4.30E-06,4.96E-05,32
2T7,2751.5,2.5,2753.73,3.77,0.5,4.476,265.2519894,35.17930894,223.4137623,3.26E-05,4.32E-06,3.87E-05,ss
0S19,2776.1,0.4,2776.98,3.53,0.1,4.006,283.286119,8.025102521,249.6255617,3.08E-05,8.72E-07,3.49E-05,RR
0T20,2777.59,0.4,2776.67,7.19,0.6,7.05,139.0820584,11.60629138,141.8439716,6.27E-05,5.24E-06,6.15E-05,RR
1T11,2783,1,2783.31,,,4.546,,,219.9736032,,,3.98E-05,WT
3S8,2820.5,0.6,2819.64,3.65,0.25,3.794,273.9726027,18.76524676,263.5740643,3.23E-05,2.22E-06,3.36E-05,27
6S3,2821.85,0.15,2821.72,2.2,0.2,2.345,454.5454545,41.32231405,426.4392324,1.95E-05,1.77E-06,2.08E-05,27
8S1,2872.65,0.2,2873.36,0.95,0.1,1.075,1052.631579,110.8033241,930.2325581,8.57E-06,9.02E-07,9.70E-06,"26,ss"
0S20,2877.95,0.4,2878.37,3.57,0.1,4.154,280.1120448,7.846275765,240.7318247,3.23E-05,9.04E-07,3.76E-05,"33c ,RR"
0T21,2888.67,0.5,2888.2,7.42,0.3,7.118,134.7708895,5.448957796,140.4889014,6.73E-05,2.72E-06,6.46E-05,"RR,tvf"
2S13,2897,0.7,2899.9,,,5.738,,,174.2767515,,,5.23E-05,W
2T8,2912.7,1.5,2913.97,3.58,0.8,4.363,279.3296089,62.42002434,229.2000917,3.28E-05,7.32E-06,3.99E-05,RR
3S9,2951,0.6,2951.58,3.79,0.3,3.865,263.8522427,20.8854018,258.7322122,3.51E-05,2.78E-06,3.58E-05,"34,RR"
0S21,2977.3,0.2,2977.73,3.76,0.1,4.303,265.9574468,7.073336351,232.3960028,3.52E-05,9.35E-07,4.03E-05,"33c ,RR"
0T22,3000.96,0.5,2999.37,7.6,0.3,7.178,131.5789474,5.193905817,139.3145723,7.17E-05,2.83E-06,6.76E-05,"32c ,G"
5S6,3011.55,0.15,3010.69,1.75,0.1,1.975,571.4285714,32.65306122,506.3291139,1.66E-05,9.46E-07,1.87E-05,27
2S14,3063,2,3063.6,,,5.322,,,187.899286,,,5.12E-05,40/34
0S22,3074.7,0.2,3075.27,4.02,0.1,4.45,248.7562189,6.187965644,224.7191011,3.88E-05,9.66E-07,4.30E-05,"33c ,tvf"
3S10,3082.12,0.5,3084.79,,,3.933,,,254.2588355,,,3.81E-05,W
0T23,3111.28,0.5,3110.25,7.3,0.4,7.232,136.9863014,7.506098705,138.2743363,7.14E-05,3.91E-06,7.07E-05,"33c ,tvf"
0S23,3170.7,0.15,3171.26,4.07,0.1,4.594,245.7002457,6.036861074,217.6752286,4.05E-05,9.96E-07,4.58E-05,"33c ,tvf"
1S15,3171.5,1.5,3170.55,,,4.922,,,203.1694433,,,4.90E-05,40/34
3S11,3219.52,0.55,3221.27,,,4.002,,,249.8750625,,,4.05E-05,W
0T24,3222.5,0.4,3220.9,7.28,0.35,7.281,137.3626374,6.60397295,137.3437715,7.37E-05,3.54E-06,7.37E-05,"32c ,tvf"
9S2,3230.5,0.5,3231.75,2.46,0.3,2.456,406.504065,49.57366647,407.1661238,2.50E-05,3.04E-06,2.49E-05,ss
1T14,3255,1.5,3255.59,,,4.691,,,213.1741633,,,4.80E-05,WT
0S24,3265.5,0.2,3265.89,4.11,0.1,4.734,243.3090024,5.919927066,211.2378538,4.22E-05,1.03E-06,4.86E-05,"33c ,tvf"
2T10,3267.5,3.5,3270.21,,,4.193,,,238.492726,,,4.31E-05,WT
3S0,3272.52,0.2,3271.18,0.84,0.03,0.923,1190.47619,42.5170068,1083.423619,8.64E-06,3.08E-07,9.49E-06,"21,A"
5S7,3292,0.3,3290.76,1.9,0.1,2.029,526.3157895,27.70083102,492.8536225,1.97E-05,1.03E-06,2.10E-05,27
0T25,3333,0.6,3331.35,7.32,0.3,7.324,136.6120219,5.598853355,136.5374113,7.66E-05,3.14E-06,7.67E-05,"32c ,tvf"
1S16,3340.84,1.5,3338.62,,,6.024,,,166.002656,,,6.32E-05,W
0S25,3358.85,0.15,3359.38,4.29,0.1,4.869,233.1002331,5.433571867,205.3809817,4.53E-05,1.06E-06,5.14E-05,"33c ,tvf"
3S12,3361.36,0.45,3362.07,,,4.074,,,245.4590083,,,4.30E-05,W
1T15,3407,1.5,3408.95,,,4.733,,,211.2824847,,,5.07E-05,WT
7S4,3411.1,0.6,3413.23,,,2.996,,,333.7783712,,,3.21E-05,0
0T26,3443,0.6,3441.64,7.41,0.3,7.362,134.9527665,5.463674758,135.8326542,8.02E-05,3.24E-06,7.96E-05,"32c ,tvf"
0S26,3451.35,0.15,3451.91,4.44,0.1,5,225.2252252,5.072640208,200,4.81E-05,1.08E-06,5.42E-05,"33c ,tvf"
2T11,3456,2.5,3457.67,,,4.15,,,240.9638554,,,4.51E-05,WT
1S17,3493.39,0.85,3493.94,,,6.309,,,158.5037248,,,6.93E-05,W
3S13,3507.55,0.55,3507.44,,,4.152,,,240.8477842,,,4.58E-05,W
5S8,3526,0.6,3525.65,2.3,0.15,2.391,434.7826087,28.35538752,418.2350481,2.55E-05,1.66E-06,2.65E-05,27
0S27,3543.1,0.15,3543.65,4.49,0.1,5.125,222.7171492,4.960292856,195.1219512,5.00E-05,1.11E-06,5.71E-05,"33,tvf"
0T27,3553.3,0.5,3551.8,7.35,0.3,7.397,136.0544218,5.553241705,135.1899419,8.20E-05,3.35E-06,8.25E-05,tvf
9S3,3556.5,0.4,3554.98,1.45,0.15,1.286,689.6551724,71.34363853,777.6049767,1.62E-05,1.68E-06,1.44E-05,27
1T16,3560.5,1,3560.73,,,4.777,,,209.3364036,,,5.34E-05,WT
0S28,3634.2,0.15,3634.76,4.67,0.08,5.244,214.1327623,3.668227192,190.6941266,5.33E-05,9.13E-07,5.99E-05,"33,tvf"
2T12,3640.5,2.5,3646.13,,,4.134,,,241.8964683,,,4.74E-05,WT
1S18,3643.75,0.6,3644.94,,,6.395,,,156.3721658,,,7.32E-05,W
3S14,3656.2,0.55,3657.11,,,4.234,,,236.1832782,,,4.86E-05,W
7S5,3657.78,0.35,3659.75,2.05,0.2,2.095,487.804878,47.59071981,477.326969,2.36E-05,2.30E-06,2.41E-05,ss
0T28,3663.5,0.5,3661.86,7.35,0.3,7.427,136.0544218,5.553241705,134.643867,8.46E-05,3.45E-06,8.54E-05,"32,tvf"
4S9,3707.5,1.5,3708.76,,,2.95,,,338.9830508,,,3.44E-05,WT
1T17,3710,1,3711.01,,,4.824,,,207.2968491,,,5.62E-05,WT
0S29,3724.7,0.2,3725.34,4.76,0.1,5.358,210.0840336,4.413530118,186.6368048,5.57E-05,1.17E-06,6.27E-05,"33,tvf"
6S8,3737.5,2,3737.62,,,3.615,,,276.6251729,,,4.24E-05,WT
0T29,3773.2,0.7,3771.84,7.45,0.4,7.455,134.2281879,7.206882573,134.1381623,8.83E-05,4.74E-06,8.83E-05,"32,tvf"
1S19,3792.23,0.9,3793.89,,,6.426,,,155.6178027,,,7.66E-05,W
3S15,3810.98,0.6,3810.48,,,4.319,,,231.5350776,,,5.17E-05,W
0S30,3814.8,0.2,3815.52,5.05,0.1,5.467,198.019802,3.921184198,182.9156759,6.05E-05,1.20E-06,6.55E-05,"33,tvf"
2T13,3830.5,3.5,3832.88,,,4.138,,,241.662639,,,4.98E-05,WT
3T9,3843,5,3853.78,,,4.276,,,233.8634238,,,5.18E-05,WT
4S10,3864.07,0.7,3864.58,,,3.307,,,302.3888721,,,4.02E-05,W
9S4,3878.4,1.5,3877.95,1.71,0.2,1.94,584.7953216,68.39711364,515.4639175,2.08E-05,2.44E-06,2.36E-05,ss
0T30,3882.9,0.7,3881.75,7.55,0.4,7.479,132.4503311,7.017236086,133.7077149,9.21E-05,4.88E-06,9.12E-05,"38,tvf"
0S31,3904.7,0.25,3905.4,5.14,0.1,5.571,194.5525292,3.785068661,179.5009873,6.31E-05,1.23E-06,6.84E-05,"33,tvf"
1S20,3939.97,0.8,3941.56,,,6.434,,,155.4243084,,,7.97E-05,W
7S6,3956,0.5,3958.72,1.85,0.2,1.983,540.5405405,58.43681519,504.2864347,2.30E-05,2.49E-06,2.47E-05,ss
6S9,3964.5,3,3965.35,,,3.119,,,320.6155819,,,3.89E-05,WT
3S16,3966.85,0.7,3966.87,,,4.408,,,226.8602541,,,5.49E-05,W
3T10,3990,5,3996.61,,,4.218,,,237.0791844,,,5.30E-05,WT
0T31,3992.6,0.8,3991.62,8.06,0.25,7.501,124.0694789,3.848308899,133.3155579,0.000101098,3.14E-06,9.41E-05,G
0S32,3994,0.25,3995.04,5.22,0.1,5.671,191.5708812,3.669940253,176.3357433,6.55E-05,1.25E-06,7.12E-05,"33,H,tvf"
1T19,4006,2,4007.17,,,4.93,,,202.8397566,,,6.21E-05,WT
4S11,4007.1,0.7,4010.47,,,3.513,,,284.6569883,,,4.43E-05,W
2T14,4011,4.5,4016.39,,,4.155,,,240.6738869,,,5.24E-05,WT
10S2,4040.5,1,4032.33,1.17,0.15,5.217,854.7008547,109.5770327,191.6810427,1.49E-05,1.90E-06,6.61E-05,27
0S33,4083.5,0.3,4084.52,5.35,0.1,5.766,186.9158879,3.493754913,173.4304544,6.86E-05,1.28E-06,7.40E-05,"S,tvf"
1S21,4085.64,0.65,4088.34,,,6.429,,,155.5451859,,,8.26E-05,W
0T32,4102.5,0.8,4101.44,7.65,0.4,7.52,130.7189542,6.834978,132.9787234,9.86E-05,5.16E-06,9.69E-05,"T,tvf"
4S0,4106.43,0.25,4105.76,0.79,0.03,1.032,1265.822785,48.06921968,968.9922481,1.02E-05,3.87E-07,1.33E-05,"21,A"
3S17,4124.01,0.6,4125.58,,,4.497,,,222.3704692,,,5.83E-05,W
1T20,4152,2.5,4153.05,,,4.99,,,200.4008016,,,6.51E-05,40/34
4S12,4153.5,1,4152.98,,,3.643,,,274.4990393,,,4.75E-05,W
8S5,4165.3,0.25,4166.2,1.6,0.15,1.636,625,58.59375,611.2469438,2.09E-05,1.96E-06,2.14E-05,27
0S34,4172.5,0.3,4173.9,5.48,0.1,5.857,182.4817518,3.329958975,170.7358716,7.18E-05,1.31E-06,7.68E-05,"S,tvf"
2T15,4190,2,4196.12,,,4.18,,,239.2344498,,,5.51E-05,WT
6S10,4211.2,0.3,4210.76,,,2.822,,,354.3586109,,,3.73E-05,WT
0T33,4212.2,1,4211.23,,,7.537,,,132.6787847,,,9.97E-05,T
1S22,4231.47,0.8,4234.4,,,6.418,,,155.8117794,,,8.54E-05,W
7S7,4234.1,0.3,4237.85,2.2,0.3,2.409,454.5454545,61.98347107,415.1100042,2.93E-05,3.99E-06,3.21E-05,ss
0S35,4261.7,0.3,4263.23,5.57,0.1,5.945,179.5332136,3.22321748,168.2085786,7.46E-05,1.34E-06,7.96E-05,"S,tvf"
3S18,4283.8,0.7,4285.98,,,4.586,,,218.0549498,,,6.17E-05,W
4S13,4292.05,1.1,4295.21,,,3.728,,,268.2403433,,,5.03E-05,W
1T21,4295,1,4297.42,,,5.055,,,197.8239367,,,6.82E-05,WT
3T12,4317,6,4318.29,,,4.12,,,242.7184466,,,5.59E-05,WT
0T34,4322.2,1,4321,,,7.553,,,132.3977228,,,0.000102531,T
0S36,4351.1,0.3,4352.53,5.66,0.1,6.03,176.6784452,3.121527301,165.8374793,7.74E-05,1.37E-06,8.25E-05,"S,tvf"
2T16,4367,3.5,4372.15,,,4.211,,,237.4732843,,,5.78E-05,WT
1S23,4376.25,1.2,4379.84,,,6.405,,,156.128025,,,8.81E-05,W
0T35,4432,1,4430.75,,,7.566,,,132.1702353,,,0.000105316,T
4S14,4435.3,0.85,4439.08,,,3.784,,,264.2706131,,,5.28E-05,W
1T22,4440,2,4440.27,,,5.124,,,195.1600312,,,7.15E-05,WT
0S37,4440.2,0.35,4441.84,5.69,0.1,6.111,175.7469244,3.088698145,163.6393389,7.94E-05,1.39E-06,8.53E-05,"S,H"
3S19,4446.13,0.7,4447.56,,,4.675,,,213.9037433,,,6.53E-05,W
7S8,4448,1,4452.59,,,3.111,,,321.4400514,,,4.35E-05,WT
5S11,4458,2,4456.55,,,2.669,,,374.6721619,,,3.74E-05,0
3T13,4482,7,4494.38,,,4.09,,,244.4987775,,,5.77E-05,WT
13S1,4494.6,0.35,4495.73,1.3,0.4,1.36,769.2307692,236.6863905,735.2941176,1.84E-05,5.65E-06,1.92E-05,WT
1S24,4521.03,1.2,4524.68,,,6.391,,,156.470036,,,9.08E-05,W
0S38,4529.5,0.35,4531.2,5.88,0.1,6.19,170.0680272,2.892313388,161.5508885,8.37E-05,1.42E-06,8.81E-05,"S,tvf"
0T36,4541.8,1,4540.49,,,7.578,,,131.9609396,,,0.000108095,T        9 S8   5138.50 ± 3.50 5144.45                2.117 WT
2T17,4543,2,4544.86,,,4.245,,,235.5712603,,,6.06E-05,WT
1T23,4580,2,4581.59,,,5.198,,,192.3816853,,,7.48E-05,WT
4S15,4584,1.5,4585.74,,,3.82,,,261.7801047,,,5.50E-05,W/WT
3S20,4608.98,0.9,4609.89,,,4.761,,,210.0399076,,,6.90E-05,W
7S9,4612,2.5,4617.95,,,3.548,,,281.848929,,,5.15E-05,WT
0S39,4618.9,0.35,4620.61,5.97,0.1,6.266,167.5041876,2.805765287,159.5914459,8.66E-05,1.45E-06,9.10E-05,"33,tvf"
8S7,4645.15,0.6,4650.46,,,2.844,,,351.6174402,,,4.16E-05,0
0T37,4651.4,1,4650.23,,,7.588,,,131.7870322,,,0.000110854,T       1 S29   5233.02 ± 1.50 5239.29                6.363  W
1S25,4662.65,2.1,4668.93,,,6.378,,,156.7889621,,,9.36E-05,W
5S12,4696.8,0.6,4695.98,,,2.593,,,385.653683,,,3.83E-05,W
0S40,4708.4,0.4,4710.1,6.06,0.1,6.339,165.0165017,2.723044582,157.7535889,8.96E-05,1.48E-06,9.38E-05,"S,tvf"
2T18,4710,2.5,4714.71,,,4.281,,,233.5902826,,,6.34E-05,WT
1T24,4721,2,4721.36,,,5.276,,,189.5375284,,,7.83E-05,WT
4S16,4729.85,1.5,4735.78,,,3.842,,,260.2811036,,,5.72E-05,W
0T38,4761.2,1.3,4759.96,,,7.597,,,131.6309069,,,0.000113604,T       11 S6   5348.28 ± 0.50 5351.70   2.31 ± .25    2.158
7S10,4763.5,4.5,4767.76,,,3.756,,,266.2406816,,,5.63E-05,WT
11S4,4766.05,0.25,4766.86,1.37,0.07,1.425,729.9270073,37.29554052,701.754386,2.05E-05,1.05E-06,2.13E-05,27
3S21,4771.58,0.8,4772.64,,,4.845,,,206.3983488,,,7.26E-05,W
0S41,4798.1,0.4,4799.67,,,6.411,,,155.9819061,,,9.67E-05,S       2 T22   5366.00 ± 2.50 5372.32                4.440 WT
1S26,4809.11,1.4,4812.57,,,6.368,,,157.0351759,,,9.63E-05,W
13S2,4844.7,0.35,4845.26,1.02,0.05,1.138,980.3921569,48.05843906,878.7346221,1.55E-05,7.61E-07,1.73E-05,27
1T25,4859.5,2,4859.6,,,5.357,,,186.6716446,,,8.18E-05,WT
0T39,4871,1.3,4869.69,,,7.605,,,131.4924392,,,0.000116346,T        5 T3                  5396.19                 5.007
2T19,4874,3,4882.09,,,4.319,,,231.5350776,,,6.62E-05,–
4T10,4885,5,4883.02,,,4.526,,,220.9456474,,,6.94E-05,WT
4S17,4885.32,1.2,4889.38,,,3.854,,,259.4706798,,,5.92E-05,W
5S0,4885.5,0.3,4884.17,0.94,0.03,1.086,1063.829787,33.95201449,920.8103131,1.44E-05,4.60E-07,1.67E-05,"21,A"
0S42,4887.9,0.5,4889.34,,,6.481,,,154.2971764,,,9.96E-05,S       0 T44   5419.90 ± 1.50 5418.38                7.627  T
8S8,4902.34,2,4908.07,,,2.384,,,419.4630872,,,3.68E-05,WT
7S11,4915.5,3,4916.94,,,3.87,,,258.3979328,,,5.98E-05,WT
5S13,4925.46,1.1,4924.4,,,2.59,,,386.1003861,,,4.01E-05,W
3S22,4932.87,0.9,4935.56,,,4.926,,,203.0044661,,,7.64E-05,W
1S27,4952.77,1.6,4955.54,,,6.361,,,157.2079862,,,9.90E-05,W
0S43,4977.7,0.5,4979.12,6.33,0.15,6.549,157.9778831,3.743551732,152.6950679,9.90E-05,2.35E-06,0.000102442,"S,H/G"
0T40,4980.7,1.3,4979.42,8.3,0.25,7.611,120.4819277,3.628973726,131.3887794,0.000129873,3.91E-06,0.000119061,"T,G"
4T11,4993.5,4.5,4996.59,,,4.523,,,221.0921954,,,7.10E-05,WT
3T16,5040,4.5,5054.35,,,4.121,,,242.6595487,,,6.54E-05,WT
4S18,5043.66,1.1,5046.41,,,3.86,,,259.0673575,,,6.12E-05,W
2T20,5044.5,4,5047.32,,,4.359,,,229.4104152,,,6.91E-05,WT
0S44,5067.6,0.6,5069.01,,,6.615,,,151.1715797,,,0.000105342,S
7S12,5069.25,1.6,5071.02,,,3.936,,,254.0650407,,,6.27E-05,W
11S5,5072.6,0.25,5074.41,1.56,0.12,1.503,641.025641,49.30966469,665.3359947,2.49E-05,1.91E-06,2.40E-05,27
1S28,5088.65,2.6,5097.8,,,6.36,,,157.2327044,,,0.000101857,W
0T41,5090.6,1.5,5089.15,,,7.617,,,131.2852829,,,0.000121781,T
3S23,5098.42,0.8,5098.49,,,4.999,,,200.040008,,,8.01E-05,W
4T12,5116,6,5119.49,,,4.517,,,221.3858756,,,7.26E-05,WT
1T27,5129,2,5131.5,,,5.525,,,180.9954751,,,8.91E-05,WT
5S14,5136.4,0.8,5136.81,,,2.691,,,371.6090673,,,4.34E-05,W
0S45,5157.9,0.6,5159.01,,,6.68,,,149.7005988,,,0.000108266,S
13S3,5193.9,0.25,5193.82,1.15,0.1,1.101,869.5652174,75.61436673,908.2652134,1.88E-05,1.63E-06,1.80E-05,27
0T42,5200.5,1.5,5198.89,,,7.621,,,131.2163758,,,0.000124472,T
4S19,5200.63,1.55,5206.51,,,3.862,,,258.9331952,,,6.32E-05,W
2T21,5202,2.5,5210.67,,,4.399,,,227.3243919,,,7.20E-05,WT
8S9,5207,2,5211.87,,,1.994,,,501.5045135,,,3.26E-05,WT
6S13,5233.5,2.5,5233.88,,,3.944,,,253.5496957,,,6.49E-05,WT
3T17,5234,8,5242.2,,,4.171,,,239.7506593,,,6.87E-05,WT
4T13,5243,7,5251.78,,,4.505,,,221.9755827,,,7.43E-05,WT
0S46,5248.2,0.6,5249.12,,,6.743,,,148.3019428,,,0.000111196,S
3S24,5262.94,0.85,5261.42,,,5.05,,,198.019802,,,8.35E-05,W
1T28,5264.5,2,5265.22,,,5.611,,,178.2213509,,,9.28E-05,WT
0T43,5310.3,1.5,5308.63,,,7.625,,,131.147541,,,0.000127166,T
5S15,5327.26,1.2,5330.11,,,2.894,,,345.5425017,,,4.85E-05,W
0S47,5338.5,0.6,5339.35,,,6.804,,,146.9723692,,,0.000114131,S
4S20,5362.19,1.3,5369.24,,,3.862,,,258.9331952,,,6.51E-05,W
1S30,5373.06,1.8,5379.96,,,6.371,,,156.9612306,,,0.00010768,W
9S9,5381.55,3,5389.25,,,2.696,,,370.9198813,,,4.56E-05,WT
4T14,5384.5,4.5,5393.54,,,4.488,,,222.8163993,,,7.60E-05,WT
1T29,5399.5,2.5,5397.51,,,5.697,,,175.5309812,,,9.66E-05,WT
6S14,5411,2,5410.08,,,3.857,,,259.2688618,,,6.56E-05,W/34
3T18,5414,7,5427.08,,,4.232,,,236.294896,,,7.22E-05,WT
3S25,5424.5,2.5,5425.56,,,4.835,,,206.8252327,,,8.24E-05,WT
0S48,5429,0.6,5429.7,,,6.865,,,145.6664239,,,0.000117103,S
5S16,5505.95,1.1,5506.96,,,3.117,,,320.8213025,,,5.39E-05,W
8S10,5506.78,1,5508.75,,,2.031,,,492.3682915,,,3.51E-05,W
1S31,5513.54,2.1,5519.76,,,6.385,,,156.6170713,,,0.000110721,W
0S49,5519.5,0.7,5520.16,,,6.924,,,144.4251878,,,0.000120077,S
2T23,5525.5,2.5,5532.41,,,4.481,,,223.1644722,,,7.79E-05,WT
4S21,5526.07,1.3,5534.06,,,3.861,,,259.000259,,,6.71E-05,W
1T30,5527.5,1.5,5528.4,,,5.783,,,172.9206294,,,0.000100439,WT
0T45,5529.8,1.5,5528.13,,,7.63,,,131.061599,,,0.000132511,T
4T15,5538,7,5544.83,,,4.462,,,224.1147468,,,7.77E-05,WT
14S4,5543.3,0.6,5541.84,1.3,0.15,1.346,769.2307692,88.75739645,742.9420505,2.26E-05,2.61E-06,2.34E-05,WT
2S26,5579,3,5582.65,,,5.148,,,194.2501943,,,9.03E-05,WT
6S15,5600.2,1.3,5602.51,,,3.673,,,272.2570106,,,6.46E-05,W
9S10,5605.54,1.6,5610.93,,,3.127,,,319.795331,,,5.51E-05,W
3T19,5607,4.5,5608.11,,,4.296,,,232.7746741,,,7.57E-05,WT
0S50,5610.3,0.7,5610.73,,,6.982,,,143.2254368,,,0.000123069,S         5 T13                  6102.68                 4.816
0T46,5639.5,2,5637.89,,,7.631,,,131.0444241,,,0.00013516,"T         12 S8   6133.30 ± 0.40 6137.17   1.85 ± .10    1.763 WT,ss"
1S32,5652.36,2.4,5658.62,,,6.404,,,156.1524047,,,0.000113844,WT
1T31,5656,3,5657.96,,,5.868,,,170.4158146,,,0.000104304,WT
5S17,5669.85,1.3,5673.69,,,3.295,,,303.4901366,,,5.87E-05,W
2T24,5684.5,4,5691.09,,,4.522,,,221.141088,,,8.08E-05,WT
4S22,5695,1.5,5700.49,,,3.861,,,259.000259,,,6.91E-05,W/WT
0S51,5701.6,0.8,5701.42,7.3,0.15,7.039,136.9863014,2.814787014,142.0656343,0.000130758,2.69E-06,0.000126079,"S,H"
4T16,5709,7,5705.48,,,4.431,,,225.6826901,,,7.94E-05,WT
8S11,5709.54,1.5,5717.48,,,3.095,,,323.1017771,,,5.56E-05,W
10S8,5735,7,5737.09,,,3.55,,,281.6901408,,,6.40E-05,WT
6S0,5742.43,0.3,5740.25,0.94,0.03,1.095,1063.829787,33.95201449,913.2420091,1.70E-05,5.41E-07,1.97E-05,"WT,A"
2S27,5746.13,0.9,5745.07,,,5.316,,,188.1113619,,,9.59E-05,W
0T47,5749.3,2,5747.66,,,7.631,,,131.0444241,,,0.000137791,T         0 S57   6250.00 ± 1.30 6247.80                7.357    S
3T20,5785,8,5785.19,,,4.357,,,229.5157218,,,7.92E-05,WT
1T32,5786.5,3,5786.24,,,5.952,,,168.0107527,,,0.000108196,WT
1S33,5788.81,2.1,5796.49,,,6.429,,,155.5451859,,,0.000117073,W
0S52,5792.5,1.2,5792.22,,,7.095,,,140.944327,,,0.000129106,S         0 T52   6298.50 ± 3.00 6296.58                7.626    T
6S16,5806.74,1.4,5808.4,,,3.474,,,287.8526195,,,6.34E-05,W
5S18,5829.2,2,5835.59,,,3.422,,,292.226768,,,6.27E-05,W
2T25,5843,3.5,5848.47,,,4.561,,,219.2501644,,,8.38E-05,WT
0T48,5859.2,2,5857.43,,,7.631,,,131.0444241,,,0.000140423,T         4 S26   6365.49 ± 1.30 6373.42                3.876   W
4S23,5861.48,1.4,5868.03,,,3.861,,,259.000259,,,7.12E-05,W
8S12,5869.04,2.5,5876.05,,,3.565,,,280.5049088,,,6.58E-05,–
4T17,5870,9,5874.88,,,4.396,,,227.4795268,,,8.11E-05,WT
9S11,5880.83,0.9,5885.77,,,2.416,,,413.9072848,,,4.47E-05,W
0S53,5883.8,1.5,5883.13,7.04,0.2,7.149,142.0454545,4.035382231,139.8797035,0.000130131,3.70E-06,0.000132131,"S,O"
2S28,5903.81,1.1,5906.03,,,5.393,,,185.4255516,,,0.000100064,W
1T33,5915,3.5,5913.31,,,6.034,,,165.7275439,,,0.000112095,WT
1S34,5929.2,2.9,5933.35,,,6.459,,,154.822728,,,0.000120397,W
10S9,5939,4.5,5941.76,,,3.125,,,320,,,5.83E-05,WT
3T21,5955,6,5958.71,,,4.411,,,226.7059624,,,8.26E-05,WT
0T49,5969,2,5967.21,8.37,0.25,7.631,119.474313,3.568527868,131.0444241,0.000156956,4.69E-06,0.000143055,"T,G"
0S54,5975.1,1.4,5974.14,7.38,0.2,7.203,135.501355,3.672123442,138.8310426,0.000138532,3.75E-06,0.000135188,"S,G"
5S19,5988.49,2.2,5995.82,,,3.513,,,284.6569883,,,6.62E-05,W
2T26,6001,4.5,6004.65,,,4.598,,,217.4858634,,,8.67E-05,WT
8S13,6018.93,3.5,6024.43,,,3.778,,,264.6903123,,,7.15E-05,WT
6S17,6020.71,1.2,6021.31,,,3.325,,,300.7518797,,,6.29E-05,W
4S24,6028.67,1.5,6036.26,,,3.864,,,258.7991718,,,7.33E-05,W
15S3,6030.9,0.35,6035.22,1.2,0.1,1.241,833.3333333,69.44444444,805.8017728,2.27E-05,1.89E-06,2.35E-05,WT
1T34,6039.5,3.5,6039.22,,,6.113,,,163.5858008,,,0.000115981,WT
1S35,6061.83,2.4,6069.14,,,6.494,,,153.9882969,,,0.00012382,W
0S55,6066.5,1.5,6065.26,,,7.255,,,137.8359752,,,0.000138241,S
2S29,6068.14,1.3,6066.18,,,5.46,,,183.1501832,,,0.000104054,W
0T50,6079,3,6076.99,,,7.63,,,131.061599,,,0.000145668,T
17S1,6122.6,1.5,6129.05,,,1.396,,,716.3323782,,,2.69E-05,0
3T22,6125,6,6129.31,,,4.456,,,224.4165171,,,8.58E-05,50
2T27,6151,6,6159.71,,,4.633,,,215.8428664,,,8.97E-05,WT
5S20,6152.22,1.9,6155.98,,,3.579,,,279.4076558,,,6.92E-05,W
0S56,6158.3,1.5,6156.48,,,7.306,,,136.8738024,,,0.000141306,S
8S14,6165.07,4.6,6170.65,,,3.904,,,256.147541,,,7.57E-05,WT
1T35,6166,3.5,6164.06,,,6.189,,,161.5769914,,,0.00011985,WT
9S12,6185.07,0.9,6187.26,,,2.15,,,465.1162791,,,4.18E-05,W
10S10,6185.1,1.4,6190.88,,,2.658,,,376.2227239,,,5.17E-05,W
0T51,6188.8,3,6186.78,,,7.628,,,131.0959622,,,0.00014826,T
1S36,6195,3,6203.83,,,6.534,,,153.0456076,,,0.000127347,W/WT
4S25,6197.23,1.6,6204.82,,,3.868,,,258.5315408,,,7.54E-05,W
2S30,6228.56,1.2,6225.58,,,5.524,,,181.0282404,,,0.00010804,W
6S18,6238.1,1.4,6235.56,,,3.236,,,309.0234858,,,6.34E-05,W
1T36,6287.5,3,6287.87,,,6.263,,,159.6678908,,,0.000123719,WT
3T23,6299,6,6297.6,,,4.491,,,222.6675573,,,8.89E-05,WT
2T28,6306.5,5.5,6313.75,,,4.667,,,214.2704093,,,9.26E-05,50
5S21,6310.38,2.2,6316.82,,,3.632,,,275.3303965,,,7.21E-05,W
8S15,6314.11,6.5,6317.11,,,3.99,,,250.6265664,,,7.92E-05,WT
15S4,6323.3,1,6332.35,2.6,0.2,2.507,384.6153846,29.58579882,398.8831272,5.16E-05,3.97E-06,4.99E-05,0
1S37,6331.98,3.3,6337.41,,,6.578,,,152.0218912,,,0.000130965,W
0S58,6341.8,1.5,6339.21,,,7.406,,,135.0256549,,,0.000147492,S
2S31,6385.16,1.2,6384.2,,,5.585,,,179.0510295,,,0.000112016,W
13S7,6393,3.5,6398.97,,,2.613,,,382.7018752,,,5.25E-05,0
0T53,6408.5,3,6406.38,,,7.623,,,131.1819494,,,0.000153422,T
4T20,6410.4,5,6420.67,,,4.316,,,231.6960148,,,8.71E-05,50
1T37,6412.5,2.5,6410.74,,,6.333,,,157.9030475,,,0.000127546,WT
0S59,6434.6,1.7,6430.72,,,7.454,,,134.1561578,,,0.000150591,W
11S9,6435.5,2.5,6437.12,,,1.594,,,627.3525721,,,3.22E-05,WT
6S19,6446.15,1.8,6447.44,,,3.197,,,312.7932437,,,6.48E-05,W
10S11,6446.66,2.5,6454.44,,,2.637,,,379.2188093,,,5.35E-05,W
2T29,6459.5,5,6466.83,,,4.698,,,212.8565347,,,9.54E-05,50
3T24,6461,7,6464.14,,,4.517,,,221.3858756,,,9.17E-05,0
1S38,6465.34,2.7,6469.86,,,6.627,,,150.8978422,,,0.000134698,W
8S16,6468,6.5,6464.75,,,4.057,,,246.4875524,,,8.24E-05,WT
5T16,6470,5,6470.62,,,4.651,,,215.0075253,,,9.45E-05,0
5S22,6473.56,1.9,6478.57,,,3.678,,,271.8868951,,,7.49E-05,W
9S13,6479.69,0.9,6483.5,,,2.063,,,484.7309743,,,4.20E-05,W
0T54,6518.5,3,6516.18,,,7.62,,,131.2335958,,,0.00015599,T         7 S19   6919.81 ± 4.50 6921.84                4.175 W
0S60,6526.9,1.5,6522.32,,,7.501,,,133.3155579,,,0.000153699,W
1T38,6533.8,4,6532.73,,,6.4,,,156.25,,,0.000131348,50
4S27,6535.54,1.7,6541.8,,,3.886,,,257.3340196,,,7.99E-05,W
18S2,6537,2,6545.69,1.79,0.3,1.876,558.6592179,93.63003652,533.0490405,3.68E-05,6.16E-06,3.86E-05,ss
2S32,6541.09,1.5,6542.03,,,5.643,,,177.2107035,,,0.000115977,W
13S8,6552,3.5,6553.59,,,3.591,,,278.4739627,,,7.39E-05,0
7S0,6584.8,0.7,6580.71,1.12,0.13,0.135,892.8571429,103.6352041,7407.407407,2.32E-05,2.69E-06,2.79E-06,0
1S39,6594.33,3.4,6601.16,,,6.679,,,149.7230124,,,0.00013851,W
5T17,6596,7,6609.94,,,4.583,,,218.1976871,,,9.52E-05,0
4T21,6600,6,6608.12,,,4.307,,,232.1801718,,,8.94E-05,50
2T30,6609,3.5,6619.02,,,4.728,,,211.5059222,,,9.83E-05,WT
7S17,6610.15,3.8,6614.22,,,4.11,,,243.3090024,,,8.54E-05,W
0S61,6619,3,6614,,,7.547,,,132.5029813,,,0.000156815,S         6 S22   7050.31 ± 1.70 7048.18                3.324 W
3T25,6622.5,3.5,6629.35,,,4.536,,,220.4585538,,,9.45E-05,WT
0T55,6628.5,3,6625.98,,,7.617,,,131.2852829,,,0.000158556,T         2 T33   7064.00 ± 4.00 7070.65                4.811 50
5S23,6635.43,1.8,6641.17,,,3.72,,,268.8172043,,,7.76E-05,W
6S20,6653.89,1.4,6654.48,,,3.202,,,312.3048095,,,6.69E-05,W
1T39,6655,4,6653.89,,,6.464,,,154.7029703,,,0.000135122,WT
10S12,6687,3,6687.11,,,3.104,,,322.1649485,,,6.52E-05,W
2S33,6697.19,1.4,6699.04,,,5.698,,,175.5001755,,,0.000119918,W
4S28,6702.65,1.9,6709.77,,,3.9,,,256.4102564,,,8.22E-05,W
11S10,6706.02,1.3,6712.42,,,2.345,,,426.4392324,,,4.95E-05,W
0S62,6711,3,6705.78,8.23,0.25,7.592,121.5066829,3.690968495,131.7175975,0.000173515,5.27E-06,0.000159939,"S,H"
1S40,6728.29,3.9,6731.31,,,6.734,,,148.5001485,,,0.000142404,W
0T56,6738.8,3,6735.79,,,7.613,,,131.3542624,,,0.0001611,T        13 S10                  7155.54                11.652 I
5T18,6759,5,6757.93,,,4.509,,,221.7786649,,,9.57E-05,0
7S18,6762.7,6,6766.28,,,4.15,,,240.9638554,,,8.82E-05,WT
2T31,6764,4.5,6770.36,,,4.756,,,210.2607233,,,0.000101159,50
9S14,6766.5,1.5,6768.24,,,2.063,,,484.7309743,,,4.39E-05,W
14S7,6773,2.5,6772.89,,,3.026,,,330.4692664,,,6.44E-05,0
1T40,6773.5,4,6774.29,,,6.524,,,153.2801962,,,0.000138844,WT
4T22,6787,5,6795.04,,,4.306,,,232.234092,,,9.19E-05,50
3T26,6792,5,6793.54,,,4.548,,,219.876869,,,9.71E-05,50
5S24,6800.78,2.4,6804.39,,,3.761,,,265.8867323,,,8.04E-05,W
0S63,6803,5,6797.64,8.04,0.2,7.635,124.3781095,3.093982822,130.9757695,0.000171833,4.28E-06,0.000163049,"S,O"
16S5,6830,0.5,6836.41,1.85,0.1,1.72,540.5405405,29.2184076,581.3953488,3.97E-05,2.15E-06,3.69E-05,WT
0T57,6849,3,6845.61,,,7.609,,,131.4233145,,,0.00016364,T         1 T44   7248.50 ± 3.00 7249.42                6.730 50
2S34,6852.39,1.5,6855.21,,,5.75,,,173.9130435,,,0.000123834,W
6S21,6855.2,1.8,6855.03,,,3.246,,,308.0714726,,,6.99E-05,W
12S10,6860,5,6861.33,,,3.022,,,330.9066843,,,6.51E-05,WT
10S13,6863.79,2.9,6874.43,,,3.601,,,277.7006387,,,7.78E-05,W
4S29,6872.95,1.3,6877.18,,,3.917,,,255.2974215,,,8.46E-05,W
18S3,6886.5,0.8,6891.93,1.23,0.08,1.174,813.0081301,52.87857757,851.7887564,2.66E-05,1.73E-06,2.54E-05,WT
1T41,6893,5,6894,,,6.58,,,151.9756839,,,0.000142511,50
0S64,6896,5,6889.58,,,7.678,,,130.2422506,,,0.000166185,S
5T19,6901,5,6914.69,,,4.433,,,225.5808707,,,9.63E-05,0
2T32,6911,4.5,6920.9,,,4.784,,,209.0301003,,,0.000104017,WT
11S11,6915,9,6922.23,,,3.088,,,323.8341969,,,6.72E-05,WT
3T27,6949.5,5,6956.93,,,4.557,,,219.4426158,,,9.96E-05,50
20S1,6954.5,1.5,6954.04,1.45,0.25,1.141,689.6551724,118.9060642,876.4241893,3.17E-05,5.46E-06,2.49E-05,WT
0T58,6959.2,3,6955.42,8.5,0.3,7.604,117.6470588,4.152249135,131.5097317,0.000185835,6.56E-06,0.000166156,"T,G"
5S25,6965.94,2,6967.92,,,3.803,,,262.9503024,,,8.32E-05,W
4T23,6978,7,6980.21,,,4.309,,,232.0724066,,,9.45E-05,50
0S65,6989,5,6981.61,8.15,0.25,7.72,122.6993865,3.763784862,129.5336788,0.000178946,5.49E-06,0.000169326,"S,G"
2S35,7011.91,2.3,7010.52,,,5.8,,,172.4137931,,,0.00012774,W
1T42,7013.5,3.5,7013.05,,,6.633,,,150.7613448,,,0.000146139,WT
9S15,7026.49,1.2,7029.82,,,2.325,,,430.1075269,,,5.13E-05,WT
10S14,7031,4,7038.76,,,3.859,,,259.1344908,,,8.53E-05,WT
4S30,7038.11,1.3,7043.91,,,3.938,,,253.9360081,,,8.71E-05,W
14S8,7039,1.5,7047.89,,,2.07,,,483.0917874,,,4.58E-05,WT
0T59,7069.3,3,7065.24,,,7.599,,,131.5962627,,,0.000168668,0
5T20,7074,5,7080.11,,,4.356,,,229.5684114,,,9.69E-05,0
7S20,7077.02,3.6,7081.96,,,4.182,,,239.1200383,,,9.30E-05,W
0S66,7081,5,7073.71,,,7.76,,,128.8659794,,,0.000172448,S
3T28,7110,5,7119.64,,,4.562,,,219.2021043,,,0.000102038,50
1T43,7131,5,7131.51,,,6.683,,,149.6333982,,,0.000149728,50
5S26,7132.66,1.8,7131.42,,,3.846,,,260.0104004,,,8.62E-05,W
12S11,7135.66,0.9,7138.82,,,1.956,,,511.2474438,,,4.39E-05,W
11S12,7144,5,7149.61,,,2.725,,,366.9724771,,,6.12E-05,WT
16S6,7149.3,0.4,7153.68,1.75,0.15,1.352,571.4285714,48.97959184,739.6449704,3.93E-05,3.37E-06,3.04E-05,WT
4T24,7156,8,7163.04,,,4.313,,,231.857176,,,9.71E-05,50
2S36,7164.41,2.5,7164.96,,,5.847,,,171.0278775,,,0.000131612,W
0S67,7175,6,7165.89,,,7.799,,,128.2215669,,,0.000175573,S
0T60,7179.2,3,7175.06,,,7.594,,,131.6829076,,,0.000171177,T
10S15,7196,3,7209.25,,,3.746,,,266.9514148,,,8.48E-05,W
4S31,7204.41,2.2,7209.87,,,3.963,,,252.3340903,,,8.98E-05,W
2T34,7213,4,7219.63,,,4.838,,,206.6969822,,,0.000109731,50
9S16,7232.73,2.6,7239.58,,,3.133,,,319.1828918,,,7.13E-05,W
6S23,7234.75,1.5,7233.92,,,3.425,,,291.9708029,,,7.78E-05,W
18S4,7238.3,0.3,7241,1.09,0.05,1.06,917.4311927,42.08399966,943.3962264,2.48E-05,1.14E-06,2.41E-05,WT
7S21,7248.37,2.9,7247.61,,,4.166,,,240.0384061,,,9.49E-05,W
0S68,7268,6,7258.14,,,7.838,,,127.5835672,,,0.000178723,S
3T29,7271,4.5,7281.77,,,4.565,,,219.0580504,,,0.000104431,50
0T62,7290,3,7394.7,,,7.582,,,131.8913216,,,0.000176138,T          1 T48   7715.50 ± 5.50 7716.44                6.886    50
0T61,7290,3,7284.88,,,7.588,,,131.7870322,,,0.00017366,T
5S27,7291.93,2.3,7294.59,,,3.892,,,256.9373073,,,8.92E-05,W
2S37,7318.55,2.1,7318.53,,,5.89,,,169.7792869,,,0.000135422,W
4T25,7336,9,7343.4,,,4.318,,,231.5886985,,,9.96E-05,50
14S9,7345,0.8,7354.08,2.13,0.15,1.892,469.4835681,33.0622231,528.5412262,4.91E-05,3.46E-06,4.37E-05,WT
20S2,7360,3.5,7357.09,1.73,0.35,1.94,578.0346821,116.9434328,515.4639175,4.00E-05,8.09E-06,4.48E-05,ss
0S69,7361,7,7350.47,,,7.875,,,126.984127,,,0.000181851,S           7 T7                  7667.63                 4.741
2T35,7362,4,7367.85,,,4.865,,,205.5498458,,,0.000112609,WT
1T45,7362.5,4.5,7366.83,,,6.773,,,147.6450613,,,0.000156751,WT
4S32,7369.39,1.6,7374.98,,,3.992,,,250.501002,,,9.25E-05,W
9S17,7398.33,3,7403.56,,,3.675,,,272.1088435,,,8.55E-05,WT
11S13,7411.5,4,7417.49,,,2.379,,,420.3446826,,,5.54E-05,WT
6S24,7412.49,2.1,7413.13,,,3.534,,,282.9654782,,,8.23E-05,W
7S22,7418.73,2,7419.4,,,4.127,,,242.3067604,,,9.62E-05,W
10S16,7420.12,1.6,7422.64,,,3.038,,,329.1639236,,,7.08E-05,W
8S0,7429,1,7424.13,0.98,0.12,1.174,1020.408163,124.9479384,851.7887564,2.29E-05,2.80E-06,2.74E-05,WT
3T30,7439,4.5,7443.36,,,4.567,,,218.9621196,,,0.000106795,WT
12S12,7449.5,1,7455.08,,,1.754,,,570.1254276,,,4.11E-05,W
0S70,7455,7,7442.86,,,7.911,,,126.4062698,,,0.000184978,S          15 S9   7768.00 ± 3.50 7771.75                4.008
5S28,7455.36,2.1,7457.18,,,3.939,,,253.871541,,,9.23E-05,W
16S7,7471.5,1,7474.14,1.45,0.12,1.25,689.6551724,57.07491082,800,3.40E-05,2.82E-06,2.94E-05,WT
2S38,7473,1.8,7471.21,,,5.931,,,168.6056314,,,0.000139209,W
1T46,7483.5,4,7483.78,,,6.813,,,146.7782181,,,0.00016018,WT
2T36,7505,5,7515.28,,,4.894,,,204.3318349,,,0.000115547,WT
0T63,7511,3,7504.52,,,7.576,,,131.9957761,,,0.000178613,T          22 S1   7822.40 ± 0.50 7819.54   0.95 ± .05    1.304 WT
4T26,7512,5,7521.46,,,4.322,,,231.3743637,,,0.000102126,WT
4S33,7536.51,1.9,7539.19,,,4.025,,,248.447205,,,9.53E-05,W
9S18,7541.47,4,7552.78,,,3.907,,,255.9508574,,,9.27E-05,W
0S71,7548,7,7535.33,,,7.946,,,125.849484,,,0.000188105,S          4 T28   7863.00 ± 8.00 7871.66                4.331 WT
6S25,7588.13,2.1,7587.27,,,3.64,,,274.7252747,,,8.68E-05,W
7S23,7593.92,1.7,7597.2,,,4.073,,,245.5192733,,,9.72E-05,W
1T47,7597,5,7600.31,,,6.851,,,145.9640928,,,0.000163582,50
3T31,7600,5,7604.42,,,4.569,,,218.8662727,,,0.000109153,50
5S29,7616.88,2.5,7619.01,,,3.987,,,250.8151492,,,9.54E-05,W
0T64,7621,3,7614.33,,,7.569,,,132.1178491,,,0.000181059,T          2 T39   7943.50 ± 3.00 7952.75                4.990 WT
2S39,7623.39,2.7,7623.02,,,5.97,,,167.5041876,,,0.000142972,W
14S10,7624,4,7635.75,,,2.574,,,388.5003885,,,6.17E-05,WT
0S72,7642,7,7627.87,,,7.979,,,125.3289886,,,0.000191206,S          1 S50                  7974.10                7.363
2T37,7653,3,7661.93,,,4.924,,,203.0869212,,,0.000118524,WT
10S17,7673.49,1.4,7676.89,,,2.58,,,387.5968992,,,6.22E-05,W
11S14,7679,3.5,7686.8,,,2.504,,,399.3610224,,,6.05E-05,WT
9S19,7689.69,4.5,7698.29,,,4.03,,,248.1389578,,,9.75E-05,WT
4T27,7694,7,7697.46,,,4.326,,,231.1604253,,,0.000104613,WT
4S34,7700.08,1.9,7702.48,,,4.062,,,246.1841457,,,9.83E-05,W
0T65,7731,3,7724.15,,,7.563,,,132.222663,,,0.000183525,T
0S73,7736,7,7720.47,,,8.012,,,124.8127808,,,0.000194328,S
6S26,7756.13,2.1,7757.89,,,3.733,,,267.8810608,,,9.10E-05,W
3T32,7757.5,4.5,7764.94,,,4.572,,,218.7226597,,,0.000111531,WT
12S13,7767.92,0.7,7777,,,1.758,,,568.8282139,,,4.30E-05,W
2S40,7774.94,2.5,7773.95,,,6.005,,,166.5278934,,,0.000146658,W
5S30,7778.52,2.6,7780,,,4.034,,,247.8929103,,,9.86E-05,W
7S24,7778.87,2.3,7780.08,,,4.013,,,249.1901321,,,9.81E-05,W
2T38,7798,4,7807.76,,,4.956,,,201.7756255,,,0.000121565,50
14S11,7813.16,7,7823.54,,,3.769,,,265.3223667,,,9.26E-05,WT
0S74,7830,7,7813.15,8.73,0.25,8.043,114.5475372,3.280284571,124.331717,0.000214746,6.15E-06,0.000197421,"S,O"
1T49,7830,6,7832.22,,,6.918,,,144.5504481,,,0.000170222,WT
0T66,7842,3,7833.97,,,7.555,,,132.3626737,,,0.000185937,T
8S20,7846.85,6.5,7843.35,,,4.106,,,243.5460302,,,0.000101174,WT
4S35,7859.58,1.8,7864.82,,,4.102,,,243.7835202,,,0.000101352,W
15S10,7896,6,7897.49,,,3.224,,,310.1736973,,,8.00E-05,WT
3T33,7914.5,4.5,7924.89,,,4.576,,,218.5314685,,,0.000113928,WT
2S41,7921.24,3.9,7924.01,,,6.038,,,165.6177542,,,0.00015031,W
6S27,7921.94,1.7,7926.36,,,3.81,,,262.4671916,,,9.49E-05,W
0S75,7925,7,7905.88,,,8.074,,,123.8543473,,,0.000200534,S
10S18,7936.46,1.1,7938.48,,,2.434,,,410.8463435,,,6.07E-05,W
5S31,7941.78,2.4,7940.16,,,4.08,,,245.0980392,,,0.000101775,W
1T50,7948.5,3.5,7947.68,,,6.947,,,143.9470275,,,0.000173455,WT
13S12,7950,5.5,7955.03,,,4.043,,,247.3410834,,,0.00010104,WT
0T67,7952,4,7943.78,8.46,0.3,7.548,118.2033097,4.191606727,132.4854266,0.000211347,7.50E-06,0.000188369,"T,G"
7S25,7964.31,2.8,7966.58,,,3.96,,,252.5252525,,,9.91E-05,W
8S21,7976.33,4.25,7989.31,,,4.156,,,240.6159769,,,0.000104312,0
0S76,8019,7,7998.68,8.9,0.25,8.103,112.3595506,3.156167151,123.4110823,0.000224213,6.30E-06,0.000203617,"S,G/H"
4S36,8019.95,1.5,8026.22,,,4.146,,,241.1963338,,,0.000104542,W
1T51,8058,6,8062.83,,,6.975,,,143.3691756,,,0.000176678,50
0T68,8062,4,8053.59,,,7.54,,,132.6259947,,,0.00019077,T          5 S34   8409.00 ± 4.00 8416.62                4.191 W/WT
2S42,8072,4.8,8073.21,,,6.069,,,164.7717911,,,0.000153926,W
3T34,8080,5,8084.26,,,4.581,,,218.2929491,,,0.000116346,WT
13S13,8084.46,9,8091.46,,,3.907,,,255.9508574,,,9.93E-05,0
6S28,8088.18,2.1,8093.69,,,3.871,,,258.3311806,,,9.84E-05,W
12S14,8088.3,0.9,8093.69,,,1.809,,,552.7915976,,,4.60E-05,W
2T40,8089,5,8096.87,,,5.027,,,198.9258007,,,0.000127872,WT
5S32,8099.06,2.1,8099.56,,,4.122,,,242.6006793,,,0.000104886,W
11S16,8101,5,8107.03,,,3.514,,,284.5759818,,,8.95E-05,WT
0S77,8112,7,8091.55,,,8.131,,,122.9861026,,,0.000206693,S         16 S10   8433.00 ± 3.00 8437.72                1.291  WT
16S9,8116,2,8117.59,,,1.392,,,718.3908046,,,3.55E-05,WT
20S4,8118,2,8116.77,1.38,0.25,1.278,724.6376812,131.2749422,782.4726135,3.52E-05,6.38E-06,3.26E-05,ss
15S11,8122.42,2,8130.95,,,1.999,,,500.2501251,,,5.11E-05,W
8S22,8127.86,4.4,8136.99,,,4.188,,,238.7774594,,,0.000107058,WT
7S26,8154.33,2.3,8155.16,,,3.919,,,255.1671345,,,0.000100406,W
1T52,8171,7,8177.72,,,7,,,142.8571429,,,0.000179837,50
0T69,8173,4,8163.4,,,7.533,,,132.7492367,,,0.000193192,T          7 S28   8522.63 ± 3.00 8533.66                3.876  W
4S37,8184.38,1.5,8186.69,,,4.192,,,238.5496183,,,0.000107815,W
10S19,8195.52,1.1,8197.96,,,2.428,,,411.8616145,,,6.25E-05,W
4T30,8196,10,8215.47,,,4.348,,,229.9908004,,,0.00011222,50
22S2,8200,2,8207.04,1.67,0.25,1.397,598.8023952,89.64107713,715.8196135,4.30E-05,6.44E-06,3.60E-05,41
0S78,8207,8,8184.47,,,8.158,,,122.5790635,,,0.000209761,S          4 T32   8548.00 ± 7.00 8553.86                4.377  WT
2S43,8219.54,4.1,8221.56,,,6.098,,,163.9881929,,,0.000157504,W
2T41,8230,8,8240.08,,,5.066,,,197.394394,,,0.000131143,WT
3T35,8234,10,8243,,,4.589,,,217.9123992,,,0.000118837,50
5S33,8253.59,2.6,8258.32,,,4.159,,,240.442414,,,0.000107902,W
13S14,8254.84,6.5,8258.94,,,3.502,,,285.5511136,,,9.09E-05,WT
6S29,8255.78,2.1,8260.57,,,3.918,,,255.2322614,,,0.000101677,W
11S17,8265,8,8268,,,3.821,,,261.7115938,,,9.92E-05,WT
9S0,8268,2,8262.64,0.8,0.15,1.19,1250,234.375,840.3361345,2.08E-05,3.90E-06,3.09E-05,WT
0T70,8282,4,8273.2,,,7.524,,,132.9080276,,,0.000195556,T           8 T5                  8624.69                 4.967
8S23,8282.21,8,8287.05,,,4.205,,,237.8121284,,,0.000109475,–
1T53,8290,7,8292.35,,,7.023,,,142.3892923,,,0.000182957,50
0S79,8302,8,8277.46,,,8.184,,,122.1896383,,,0.00021282,S          7 T19                  8626.95                 4.685
4S38,8342.15,2.2,8346.24,,,4.242,,,235.7378595,,,0.000111227,W
7S27,8342.3,1.7,8344.5,,,3.892,,,256.9373073,,,0.000102029,W
2S44,8360.54,4.3,8369.08,,,6.124,,,163.291966,,,0.000161014,W
2T42,8370,8,8382.36,,,5.108,,,195.7713391,,,0.000134514,WT
0T71,8392,4,8383,,,7.516,,,133.0494944,,,0.000197941,T          1 S56                  8678.47                 7.713
0S80,8395,8,8370.5,,,8.208,,,121.8323587,,,0.000215843,S          4 S40   8663.48 ± 2.80 8662.79                4.335  W
3T36,8395,10,8401.09,,,4.598,,,217.4858634,,,0.000121354,WT
1T54,8402,6,8406.75,,,7.044,,,141.9647927,,,0.000186036,50
12S15,8402.99,1,8406.75,,,1.84,,,543.4782609,,,4.86E-05,W
6S30,8417.21,3.1,8427.41,,,3.952,,,253.0364372,,,0.000104631,W
11S18,8420.49,9,8418.49,,,3.976,,,251.5090543,,,0.000105155,WT
15S12,8426.74,2,8432.73,,,1.747,,,572.4098454,,,4.63E-05,W
8S24,8434.49,7,8440,,,4.211,,,237.4732843,,,0.000111655,–
10S20,8444.79,1.4,8446.66,,,2.56,,,390.625,,,6.79E-05,W
20S5,8465.5,2,8471.58,1.76,0.25,1.571,568.1818182,80.70764463,636.5372374,4.68E-05,6.65E-06,4.18E-05,WT
13S15,8469.42,9,8474.42,,,2.968,,,336.9272237,,,7.90E-05,WT
0S81,8490,8,8463.61,,,8.232,,,121.4771623,,,0.000218882,S
4S39,8499.51,2.4,8504.92,,,4.293,,,232.9373399,,,0.000114705,W
0T72,8503,4,8492.8,,,7.507,,,133.2090049,,,0.000200294,T
2T43,8507,8,8523.66,,,5.153,,,194.0617116,,,0.000137986,WT
2S45,8508.96,4.5,8515.75,,,6.15,,,162.601626,,,0.000164531,W
1T55,8514.4,7,8520.94,,,7.063,,,141.5828968,,,0.000189072,50
3T37,8548,5,8558.49,,,4.609,,,216.9668041,,,0.000123924,WT
5S35,8570.59,2.9,8574.62,,,4.218,,,237.0791844,,,0.000113624,W
0S82,8585,8,8556.77,,,8.254,,,121.1533802,,,0.000221883,S
6S31,8588.3,2.7,8594.46,,,3.975,,,251.572327,,,0.000107326,W
8S25,8590.61,7.5,8596.24,,,4.205,,,237.8121284,,,0.00011356,–
0T73,8613,5,8602.59,,,7.499,,,133.3511135,,,0.000202667,T
1T56,8631,8,8634.93,,,7.081,,,141.2229911,,,0.000192089,50
2T44,8654,8,8663.95,,,5.2,,,192.3076923,,,0.000141537,50
2S46,8656.02,4.8,8661.61,,,6.173,,,161.9957881,,,0.000167975,W
25S1,8658,2,8655.17,1.35,0.25,1.185,740.7407407,137.1742112,843.8818565,3.67E-05,6.80E-06,3.22E-05,ss
10S21,8675.9,2.5,8673.48,,,2.922,,,342.2313484,,,7.96E-05,W
0S83,8679,8,8649.99,,,8.275,,,120.8459215,,,0.000224871,S
12S16,8689.38,1.8,8691.79,,,2.225,,,449.4382022,,,6.08E-05,W
3T38,8702,8,8715.17,,,4.622,,,216.3565556,,,0.000126548,50
4T33,8711,8,8721.15,,,4.395,,,227.5312856,,,0.000120416,50
7S29,8712.29,3,8722.02,,,3.87,,,258.3979328,,,0.000106042,W
0T74,8723,5,8712.37,,,7.489,,,133.5291761,,,0.000204979,T          0 S87   9057.00 ± 9.00 9023.43                8.350 S
11S20,8724.19,5,8726.69,,,3.927,,,254.6473135,,,0.000107661,W
5S36,8726.95,3.5,8732.5,,,4.237,,,236.0160491,,,0.000116238,W
16S11,8729,5,8736.47,,,1.816,,,550.660793,,,4.98E-05,WT
14S13,8731,3.5,8734.78,,,2.097,,,476.8717215,,,5.75E-05,WT
18S9,8735,7,8747.4,,,4.299,,,232.6122354,,,0.00011814,WT
13S16,8741.38,1.6,8752.25,,,2.313,,,432.3389537,,,6.36E-05,W
1T57,8748,10,8748.74,,,7.097,,,140.9046076,,,0.000195061,50
8S26,8753.56,7,8756.06,,,4.191,,,238.6065378,,,0.000115286,–
6S32,8759.31,3.2,8761.8,,,3.991,,,250.5637685,,,0.000109856,W
0S84,8774,8,8743.27,9.2,0.3,8.296,108.6956522,3.54442344,120.5400193,0.000253592,8.27E-06,0.000227873,"S,O"
2T45,8785,6,8803.22,,,5.25,,,190.4761905,,,0.000145195,WT
19S8,8792.95,8,8797.85,,,3.536,,,282.8054299,,,9.77E-05,0
2S47,8807.27,5.1,8806.64,,,6.196,,,161.394448,,,0.000171424,W
3S41,8823.12,2.6,8819.77,,,4.4,,,227.2727273,,,0.000121916,W
0T75,8834,5,8822.15,,,7.48,,,133.6898396,,,0.000207313,T         12 S18   9138.54 ± 5.00 9145.99                3.073
21S6,8849.5,0.8,8850.77,1.58,0.1,1.351,632.9113924,40.05768306,740.19245,4.39E-05,2.78E-06,3.76E-05,WT
1T58,8857,9,8862.38,,,7.112,,,140.6074241,,,0.000198012,50
3T39,8858,8,8871.12,,,4.637,,,215.6566746,,,0.000129231,WT
10S22,8864.67,2.5,8868.46,,,3.417,,,292.6543752,,,9.52E-05,W
0S85,8867,8,8836.6,,,8.315,,,120.2645821,,,0.000230833,S         14 S15   9163.00 ± 4.00 9168.47                3.598
4T34,8873,6,8887.2,,,4.416,,,226.4492754,,,0.000123295,WT
5S37,8884.5,2.9,8890.43,,,4.25,,,235.2941176,,,0.000118703,W
11S21,8896.96,3.3,8904.37,,,3.606,,,277.3155851,,,0.000100874,W
7S30,8902.52,2.4,8909.23,,,3.87,,,258.3979328,,,0.000108318,W
8S27,8912,7.5,8919.6,,,4.17,,,239.8081535,,,0.000116851,WT
6S33,8926.92,2.7,8929.44,,,4,,,250,,,0.000112211,W
12S17,8930.6,5,8933.91,,,2.612,,,382.848392,,,7.33E-05,WT
2T46,8932,7,8941.43,,,5.303,,,188.5725061,,,0.000148963,WT
23S4,8937,2,8941.57,1.35,0.1,1.235,740.7407407,54.8696845,809.7165992,3.79E-05,2.81E-06,3.47E-05,WT
0T76,8943,5,8931.93,,,7.471,,,133.8508901,,,0.00020964,T          20 S8                  9262.17                11.298 I
0S86,8962,8,8929.99,8.9,0.3,8.333,112.3595506,3.787400581,120.0048002,0.000250579,8.45E-06,0.000233777,"S,G"
1T59,8970,8,8975.87,,,7.125,,,140.3508772,,,0.000200915,50
3S42,8976.89,2.45,8976.05,,,4.455,,,224.4668911,,,0.000125627,W
14S14,8982,4,8985.12,,,3.019,,,331.2355084,,,8.52E-05,WT
3T40,9020,10,9026.32,,,4.653,,,214.9151085,,,0.000131945,WT
10S23,9025,10,9038.42,,,3.756,,,266.2406816,,,0.000106652,WT
25S2,9026,2,9022.91,1.21,0.1,1.269,826.446281,68.30134554,788.0220646,3.43E-05,2.84E-06,3.60E-05,WT
5S38,9043.67,2.7,9048.53,,,4.258,,,234.8520432,,,0.000121041,W
19S9,9044,8,9047.16,,,1.632,,,612.745098,,,4.64E-05,WT
4T35,9050,7,9052.02,,,4.438,,,225.3267237,,,0.000126207,WT
13S17,9053.82,3,9063.12,,,2.083,,,480.0768123,,,5.93E-05,W
0T77,9054,5,9041.69,8.41,0.35,7.461,118.9060642,4.948528237,134.0302908,0.000239214,9.96E-06,0.000211932,"T,G"
10S0,9059,2,9056.12,,,1.206,,,829.1873964,,,3.43E-05,0
2T47,9071,8,9078.56,,,5.359,,,186.601978,,,0.000152845,50
8S28,9074,7,9086.85,,,4.143,,,241.3709872,,,0.000118271,–
1T60,9087,9,9089.22,,,7.137,,,140.1148942,,,0.000203794,50
16S13,9088.37,5.5,9095.71,,,3.627,,,275.7099531,,,0.000103642,0
7S31,9089.29,2.8,9095.12,,,3.875,,,258.0645161,,,0.000110721,W
6S34,9092.08,3,9097.31,,,4.004,,,249.7502498,,,0.000114434,W
5T31,9096,7,9105.98,,,4.337,,,230.5741296,,,0.00012407,0
11S22,9103.06,2.4,9111.59,,,3.153,,,317.158262,,,9.03E-05,W
3S43,9138.26,2.3,9131.62,,,4.51,,,221.72949,,,0.000129382,W
17S12,9145.5,3,9151.28,,,2.163,,,462.3208507,,,6.22E-05,WT
0S88,9151,9,9116.92,,,8.365,,,119.5457262,,,0.000239587,S
0T78,9164,6,9151.46,,,7.451,,,134.2101731,,,0.000214217,T
3T41,9166,8,9180.76,,,4.67,,,214.1327623,,,0.000134693,WT
21S7,9170.05,1.5,9173.79,1.58,0.1,1.25,632.9113924,40.05768306,800,4.55E-05,2.88E-06,3.60E-05,WT
9S24,9190,5,9196.93,,,3.929,,,254.517689,,,0.000113521,WT
1T61,9196,8,9202.44,,,7.148,,,139.8992725,,,0.000206651,50
5S39,9200.63,3.2,9206.92,,,4.259,,,234.7969007,,,0.000123189,W
2T48,9205,8,9214.61,,,5.416,,,184.6381093,,,0.000156785,50
4T36,9208,8,9215.65,,,4.462,,,224.1147468,,,0.000129183,50
8S29,9242.65,8,9257.65,,,4.114,,,243.0724356,,,0.000119651,–
0S89,9246,9,9210.47,,,8.38,,,119.3317422,,,0.00024248,S
6S35,9257.99,3.7,9265.32,,,4.006,,,249.6255617,,,0.000116606,W
0T79,9274,6,9261.21,,,7.441,,,134.3905389,,,0.000216496,T
7S32,9279.15,2.3,9279.63,,,3.882,,,257.5991757,,,0.000113171,W
23S5,9290,0.8,9289.58,1.15,0.1,1.112,869.5652174,75.61436673,899.2805755,3.36E-05,2.92E-06,3.25E-05,WT
3S44,9290.13,2.5,9286.52,,,4.564,,,219.1060473,,,0.000133152,W
1T62,9306,7,9315.53,,,7.157,,,139.7233478,,,0.000209454,50
12S19,9320.02,7,9329.1,,,3.469,,,288.2675123,,,0.00010167,WT
3T42,9323,8,9334.44,,,4.688,,,213.3105802,,,0.000137476,WT
11S23,9327,2,9341.1,,,2.863,,,349.2839679,,,8.40E-05,W
14S16,9334,4,9337.18,,,3.543,,,282.2466836,,,0.000103929,0
2T49,9338,8,9349.55,,,5.475,,,182.6484018,,,0.000160814,50
0S90,9339,9,9304.07,,,8.394,,,119.1327138,,,0.000245353,S
9S25,9343,6,9351.55,,,4.017,,,248.9419965,,,0.000118014,0
19S10,9353,2,9359.39,1.98,0.25,1.479,505.0505051,63.76900316,676.132522,5.82E-05,7.35E-06,4.35E-05,WT
5S40,9360.49,3.9,9365.67,,,4.256,,,234.962406,,,0.000125225,W
13S18,9365.05,1.4,9371.79,,,2.038,,,490.6771344,,,6.00E-05,W
0T80,9384,6,9370.95,,,7.43,,,134.589502,,,0.000218737,T          1 T65   9647.00 ± 7.00 9654.15                7.180 50
4T37,9390,7,9378.12,,,4.485,,,222.9654404,,,0.000132138,WT
8S30,9421.74,8,9431.74,,,4.083,,,244.9179525,,,0.000120982,–
1T63,9422,7,9428.51,,,7.166,,,139.5478649,,,0.000212261,50
6S36,9423.84,3.1,9433.35,,,4.005,,,249.6878901,,,0.000118691,W
17S13,9429,3,9435.93,,,1.804,,,554.3237251,,,5.35E-05,WT
0S91,9435,9,9397.73,,,8.407,,,118.9484953,,,0.000248207,S          7 T27                  9686.26                4.465
5T33,9440,7,9449.69,,,4.402,,,227.1694684,,,0.000130683,0
3S45,9441.41,3,9440.8,,,4.618,,,216.5439584,,,0.000136966,W
7S33,9457.46,2.1,9462.76,,,3.89,,,257.0694087,,,0.000115642,W
3T43,9472,7,9487.38,,,4.706,,,212.4946876,,,0.000140265,WT
2T50,9479,10,9483.4,,,5.536,,,180.6358382,,,0.000164934,50
12S20,9487.18,7,9493.18,,,3.724,,,268.528464,,,0.000111063,WT
21S8,9492,3,9496.96,1.45,0.1,1.497,689.6551724,47.56242568,668.002672,4.32E-05,2.98E-06,4.47E-05,WT
27S1,9494,3,9485.84,1.35,0.24,1.542,740.7407407,131.6872428,648.5084306,4.03E-05,7.16E-06,4.60E-05,WT
0T81,9495,6,9480.69,,,7.42,,,134.7708895,,,0.000221001,T          2 T52   9740.00 ± 10.0 9747.83                5.661 50
9S26,9503,5,9505.55,,,4.063,,,246.123554,,,0.000121332,WT
5S41,9511,4,9524.84,,,4.249,,,235.349494,,,0.000127144,W
14S17,9514,4.5,9526.65,,,3.162,,,316.2555345,,,9.46E-05,0
4T38,9523,7,9539.49,,,4.509,,,221.7786649,,,0.000135131,50
0S92,9529,9,9491.43,,,8.418,,,118.7930625,,,0.00025101,S          1 T66   9753.70 ± 9.00 9766.83                7.187 50
1T64,9533,8,9541.38,,,7.174,,,139.3922498,,,0.000215042,50
11S24,9572.88,2,9578.38,,,2.757,,,362.7130939,,,8.30E-05,W
8S31,9593.74,8,9608.74,,,4.052,,,246.7917078,,,0.000122317,–
15S15,9595.53,2,9597.78,,,2.004,,,499.001996,,,6.04E-05,W
6S37,9599,3.5,9601.27,,,4.005,,,249.6878901,,,0.000120804,W
3S46,9603.01,2.7,9594.48,,,4.672,,,214.0410959,,,0.000140823,W
0T82,9605,6,9590.42,,,7.409,,,134.9709812,,,0.000223227,T          9 T10                  9839.82                4.680
2T51,9610,10,9616.16,,,5.598,,,178.6352269,,,0.000169116,50
3T44,9615,7,9639.58,,,4.723,,,211.7298327,,,0.00014303,WT
0S93,9624,9,9585.19,,,8.429,,,118.6380354,,,0.00025382,S          9 S28   9814.28 ± 8.50 9816.78                4.100
7S34,9636.83,2.7,9644.54,,,3.899,,,256.4760195,,,0.000118137,W
12S21,9642.81,8,9647.81,,,3.867,,,258.5983967,,,0.000117207,WT
19S11,9644,4,9653.75,,,1.872,,,534.1880342,,,5.68E-05,0
9S27,9657,7,9660.38,,,4.088,,,244.6183953,,,0.000124067,0
13S19,9663.55,1.2,9671.8,,,2.054,,,486.8549172,,,6.24E-05,W
4T39,9679,9,9699.82,,,4.53,,,220.7505519,,,0.000138042,WT
5S42,9679.32,3.1,9684.42,,,4.239,,,235.9046945,,,0.000128969,W
17S14,9705,5,9709.08,,,2.165,,,461.8937644,,,6.60E-05,WT
0T83,9715,7,9700.14,,,7.398,,,135.171668,,,0.000225446,T
0S94,9718,9,9678.99,,,8.438,,,118.5114956,,,0.000256578,S
14S18,9741.7,5.5,9748.85,,,2.707,,,369.4126339,,,8.29E-05,WT
3S47,9750.64,2.5,9747.6,,,4.724,,,211.6850127,,,0.000144663,W
6S38,9760.55,3,9768.94,,,4.004,,,249.7502498,,,0.000122883,W
8S32,9767.23,7,9788.23,,,4.023,,,248.5707184,,,0.00012371,–
3T45,9776,9,9791.08,,,4.741,,,210.925965,,,0.000145831,50
20S9,9810,10,9790.64,,,3.485,,,286.9440459,,,0.000107192,WT
11S25,9811,5,9814.25,,,2.769,,,361.1412062,,,8.54E-05,WT
0S95,9813,9,9772.85,9.45,0.3,8.447,105.8201058,3.359368439,118.3852255,0.000291329,9.25E-06,0.000259342,"S,O"
7S35,9820.29,2.7,9824.99,,,3.908,,,255.8853634,,,0.000120625,W
0T84,9825,7,9809.85,,,7.387,,,135.3729525,,,0.000227657,T
5S43,9835.77,5,9844.43,,,4.227,,,236.5744026,,,0.000130729,W
4T40,9844.2,8,9859.2,,,4.55,,,219.7802198,,,0.00014093,50
1T67,9869.2,7,9879.42,,,7.192,,,139.0433815,,,0.000223219,50
2T53,9870,12,9878.43,,,5.725,,,174.6724891,,,0.00017767,50
27S2,9871,3,9865.33,1.1,0.12,1.266,909.0909091,99.17355372,789.8894155,3.41E-05,3.72E-06,3.92E-05,WT
11S0,9892,5,9887.92,,,1.202,,,831.9467554,,,3.73E-05,0
0S96,9908,9,9866.75,,,8.455,,,118.2732111,,,0.000262082,S
3S48,9908.12,4,9900.17,,,4.775,,,209.4240838,,,0.000148513,W
15S16,9921.25,1.5,9926.89,,,1.857,,,538.5029618,,,5.79E-05,W
3T46,9926,7,9941.9,,,4.758,,,210.1723413,,,0.000148609,WT
6S39,9928.85,2.3,9936.22,,,4.004,,,249.7502498,,,0.000124987,W
17S15,9931.93,5.5,9938.07,,,2.835,,,352.7336861,,,8.85E-05,W
0T85,9935,8,9919.55,,,7.376,,,135.5748373,,,0.00022986,T             5 T36 9943.00 ± 7.00 9952.11                     4.453
13S20,9953.63,1.5,9961.02,,,2.114,,,473.0368969,,,6.62E-05,W
14S19,9979.63,5,9994.61,,,2.461,,,406.3388866,,,7.73E-05,0
0S97,10003,9,9960.7,,,8.461,,,118.1893393,,,0.000264766,S
19S12,,,9945.85,,,11.627,,,86.00670852,,,0.000363295,I
16S15,,,9786.62,,,11.714,,,85.3679358,,,0.000360154,I
10S25,,,9777.27,,,11.271,,,88.72327211,,,0.000346202,I
18S11,,,9384.31,,,11.66,,,85.76329331,,,0.000343756,I
15S14,,,9270.16,,,11.706,,,85.42627712,,,0.000340915,I
26S1,,,9364.82,,,11.554,,,86.55011252,,,0.000339924,I
10S24,,,9404.05,,,11.263,,,88.7862914,,,0.000332751,I
22S5,,,9005.25,,,11.708,,,85.41168432,,,0.000331229,I
15S13,,,8749.54,,,11.679,,,85.62376916,,,0.000321026,I
9S23,,,9030.75,,,11.255,,,88.84940027,,,0.000319315,I
24S2,,,8585.28,,,11.454,,,87.30574472,,,0.000308931,I
17S10,,,8817,,,11.146,,,89.71828459,,,0.000308738,I
9S22,,,8657.36,,,11.248,,,88.90469417,,,0.000305922,I
21S4,,,8373.62,,,11.544,,,86.62508663,,,0.000303682,I
14S12,,,8224.06,,,11.684,,,85.5871277,,,0.000301875,I
26S4,,,9910.84,,,9.693,,,103.1672341,,,0.0003018,I
24S3,,,9218.64,,,10.287,,,97.21007096,,,0.000297924,I
17S9,,,8248.53,,,11.488,,,87.04735376,,,0.000297695,I
9S21,,,8283.85,,,11.241,,,88.96005693,,,0.000292541,I
22S9,,,9871.01,,,9.425,,,106.1007958,,,0.000292276,I
23S1,,,7899.09,,,11.631,,,85.97713008,,,0.000288632,I
19S7,,,8671.41,,,10.411,,,96.05225243,,,0.000283617,I
13S11,,,7693.02,,,11.669,,,85.69714629,,,0.00028202,I
9S20,,,7910.21,,,11.235,,,89.00756564,,,0.000279197,I
15S8,,,7664.98,,,11.231,,,89.03926632,,,0.000270445,I
19S6,,,8093.14,,,10.515,,,95.1022349,,,0.000267348,I
8S19,,,7536.41,,,11.229,,,89.05512512,,,0.000265862,I
15S7,,,7085.82,,,11.488,,,87.04735376,,,0.000255732,I
1S67,,,9923.84,,,8.182,,,122.2195062,,,0.000255087,0
8S18,,,7162.43,,,11.222,,,89.11067546,,,0.000252511,I
17S4,,,6854.04,,,11.69,,,85.54319932,,,0.000251716,I
1S66,,,9812.22,,,8.148,,,122.7295042,,,0.00025117,0
1S65,,,9700.36,,,8.113,,,123.2589671,,,0.00024724,0
19S2,,,7078.81,,,11.007,,,90.85127646,,,0.000244782,I
1S64,,,9588.23,,,8.077,,,123.8083447,,,0.000243298,0
12S9,,,6610.23,,,11.602,,,86.19203586,,,0.000240935,I
17S5,,,7461.22,,,10.212,,,97.92401097,,,0.00023937,I
1S63,,,9475.81,,,8.038,,,124.409057,,,0.000239284,0
8S17,,,6788.22,,,11.217,,,89.15039672,,,0.000239212,I
1S62,,,9363.08,,,7.997,,,125.0468926,,,0.000235232,0
1S61,,,9250.01,,,7.955,,,125.7071025,,,0.00023117,0
1S60,,,9136.57,,,7.911,,,126.4062698,,,0.000227072,0
16S3,,,6222.36,,,11.598,,,86.22176237,,,0.000226719,I
1T68,,,9991.93,,,7.197,,,138.9467834,,,0.000225918,0
7S16,,,6413.76,,,11.211,,,89.198109,,,0.000225895,I
14S6,,,6493.51,,,11.069,,,90.34239769,,,0.000225807,I
19S1,,,6427.44,,,11.165,,,89.56560681,,,0.000225448,I
1S59,,,9022.73,,,7.864,,,127.1617497,,,0.000222911,0
11S8,,,6055.8,,,11.532,,,86.71522719,,,0.000219395,I
1S58,,,8908.46,,,7.816,,,127.9426817,,,0.000218744,0
23S6,,,9646.41,,,7.094,,,140.9641951,,,0.000214984,I
1S57,,,8793.72,,,7.765,,,128.7830006,,,0.000214518,0
7S15,,,6038.97,,,11.205,,,89.24587238,,,0.000212581,I
1S55,,,8562.68,,,7.659,,,130.565348,,,0.000206031,0
1S54,,,8446.31,,,7.603,,,131.5270288,,,0.000201745,0
7S14,,,5663.8,,,11.2,,,89.28571429,,,0.000199286,I
2S55,,,9937.26,,,6.372,,,156.9365976,,,0.000198926,0
1S53,,,8329.31,,,7.545,,,132.5381047,,,0.000197432,0
2S54,,,9798.87,,,6.348,,,157.5299307,,,0.000195417,WT
10S7,,,5489.22,,,11.287,,,88.59750155,,,0.000194643,I
1S52,,,8211.63,,,7.486,,,133.5826877,,,0.000193121,0
2S53,,,9659.62,,,6.326,,,158.0777743,,,0.000191973,0
22S6,,,9603.76,,,6.315,,,158.3531275,,,0.000190531,0
1S51,,,8093.25,,,7.425,,,134.6801347,,,0.000188786,0
2S52,,,9519.52,,,6.304,,,158.6294416,,,0.00018853,WT
12S4,,,5293.8,,,11.333,,,88.23788935,,,0.000188479,I
7S13,,,5288.15,,,11.194,,,89.33357156,,,0.000185968,I
2S51,,,9378.59,,,6.282,,,159.1849729,,,0.000185091,0
2S50,,,9236.83,,,6.261,,,159.7188947,,,0.000181684,0
1S49,,,7854.14,,,7.3,,,136.9863014,,,0.000180124,0
2S49,,,9094.25,,,6.239,,,160.2820965,,,0.000178251,WT
10S6,,,4914.11,,,11.47,,,87.18395815,,,0.000177075,I
1S48,,,7733.33,,,7.236,,,138.1978994,,,0.000175798,0
14S1,,,4925.38,,,11.35,,,88.10572687,,,0.000175625,I
2S48,,,8950.86,,,6.218,,,160.8234159,,,0.00017485,WT
20S3,,,7685.74,,,7.229,,,138.3317195,,,0.000174548,I
6S12,,,4911.92,,,11.188,,,89.38148016,,,0.000172645,I
1S47,,,7611.63,,,7.171,,,139.4505648,,,0.000171478,0
12S3,,,4683.62,,,11.585,,,86.31851532,,,0.000170462,I
15S2,,,5557.32,,,9.752,,,102.5430681,,,0.000170259,I
1S46,,,7488.98,,,7.106,,,140.7261469,,,0.000167185,0
1S45,,,7365.35,,,7.041,,,142.0252805,,,0.000162921,0
14S5,,,5929.81,,,8.644,,,115.6871819,,,0.000161029,I
6S11,,,4534.94,,,11.182,,,89.42944017,,,0.000159309,I
1S44,,,7240.71,,,6.977,,,143.328078,,,0.000158708,0
20S7,,,8706.24,,,5.731,,,174.4896179,,,0.000156751,0
1S43,,,7115.01,,,6.914,,,144.6340758,,,0.000154545,0
9S5,,,4324.87,,,11.117,,,89.95232527,,,0.000151046,I
1S42,,,6988.22,,,6.852,,,145.9427904,,,0.00015043,0
1S41,,,6860.33,,,6.792,,,147.2320377,,,0.000146384,0
5S10,,,4157,,,11.175,,,89.48545861,,,0.000145941,I
9T12,,,9950.95,,,4.634,,,215.7962883,,,0.000144867,0
9T11,,,9893.01,,,4.658,,,214.6844139,,,0.00014477,0
9T9,,,9791.4,,,4.7,,,212.7659574,,,0.000144575,0
9T8,,,9747.78,,,4.719,,,211.9093028,,,0.000144513,0
9T7,,,9708.96,,,4.735,,,211.1932418,,,0.000144425,0
9T6,,,9674.96,,,4.75,,,210.5263158,,,0.000144375,0
9T5,,,9645.8,,,4.762,,,209.9958001,,,0.000144304,0
9T4,,,9621.48,,,4.773,,,209.5118374,,,0.000144272,0
9T3,,,9602.02,,,4.781,,,209.1612633,,,0.000144222,0
9T2,,,9587.42,,,4.788,,,208.855472,,,0.000144213,0
9T1,,,9577.68,,,4.792,,,208.6811352,,,0.000144187,0
21S3,,,7801.59,,,5.862,,,170.5902422,,,0.000143674,0
8T23,,,9954.41,,,4.579,,,218.3882944,,,0.000143198,0
26S2,,,9586.48,,,4.754,,,210.3491796,,,0.000143175,0
8T22,,,9838.26,,,4.626,,,216.1694769,,,0.00014298,0
28S1,,,9579.07,,,4.744,,,210.7925801,,,0.000142764,0
8T21,,,9727.24,,,4.671,,,214.0869193,,,0.000142741,0
26S3,,,9604.98,,,4.727,,,211.5506664,,,0.000142637,0
8T20,,,9621.27,,,4.712,,,212.2241087,,,0.000142425,0
8T19,,,9520.3,,,4.749,,,210.5706465,,,0.000142037,0
24S5,,,9647.92,,,4.675,,,213.9037433,,,0.000141698,0
8T18,,,9424.29,,,4.783,,,209.0738031,,,0.000141612,0
8T17,,,9333.2,,,4.813,,,207.7706212,,,0.000141123,0
8T16,,,9247.01,,,4.839,,,206.6542674,,,0.000140575,0
8T15,,,9165.71,,,4.862,,,205.6766763,,,0.000140001,0
8T14,,,9089.28,,,4.882,,,204.8340844,,,0.000139405,0
8T13,,,9017.75,,,4.9,,,204.0816327,,,0.000138817,0
18S10,,,8836.23,,,4.985,,,200.6018054,,,0.000138383,0
8T12,,,8951.13,,,4.914,,,203.5002035,,,0.000138186,0
22S8,,,9766.99,,,4.488,,,222.8163993,,,0.000137709,0
8T11,,,8889.44,,,4.927,,,202.9632636,,,0.000137596,0
24S4,,,9615.5,,,4.537,,,220.4099625,,,0.000137054,0
22S7,,,9716,,,4.489,,,222.7667632,,,0.000137021,0
8T10,,,8832.7,,,4.937,,,202.5521572,,,0.000136996,0
5T35,,,9785.86,,,4.443,,,225.0731488,,,0.000136592,0
8T9,,,8780.96,,,4.946,,,202.1835827,,,0.000136441,0
7T28,,,9846.4,,,4.402,,,227.1694684,,,0.000136169,0
8T8,,,8734.26,,,4.953,,,201.8978397,,,0.000135908,0
8T7,,,8692.62,,,4.959,,,201.6535592,,,0.000135424,0
7T26,,,9533.08,,,4.519,,,221.2878956,,,0.00013534,0
8T6,,,8656.08,,,4.964,,,201.4504432,,,0.00013499,0
23S2,,,8561.36,,,5.004,,,199.8401279,,,0.000134589,0
7T25,,,9386.54,,,4.564,,,219.1060473,,,0.000134586,0
8T4,,,8598.47,,,4.97,,,201.2072435,,,0.000134254,0
8T3,,,8577.46,,,4.973,,,201.0858637,,,0.000134007,0
6T32,,,9933.27,,,4.293,,,232.9373399,,,0.000133969,0
8T2,,,8561.68,,,4.974,,,201.0454363,,,0.000133787,0
5T34,,,9618.51,,,4.426,,,225.9376412,,,0.000133742,0
8T1,,,8551.15,,,4.975,,,201.0050251,,,0.00013365,0
7T24,,,9246.21,,,4.601,,,217.3440556,,,0.000133649,0
24S1,,,8550.62,,,4.963,,,201.4910336,,,0.000133319,0
21S9,,,9828.72,,,4.309,,,232.0724066,,,0.000133053,0
5S9,,,3777.8,,,11.168,,,89.54154728,,,0.000132545,I
7T23,,,9111.72,,,4.629,,,216.02938,,,0.000132507,0
20S10,,,9900.15,,,4.259,,,234.7969007,,,0.000132464,0
22S4,,,8598.4,,,4.877,,,205.0440845,,,0.000131741,0
6T31,,,9750.03,,,4.287,,,233.2633543,,,0.000131313,0
7T22,,,8982.76,,,4.65,,,215.0537634,,,0.000131224,0
7T21,,,8859.08,,,4.665,,,214.3622722,,,0.000129835,0
9S29,,,9975.13,,,4.106,,,243.5460302,,,0.000128673,0
6T30,,,9565.17,,,4.279,,,233.6994625,,,0.000128583,0
7T20,,,8740.51,,,4.677,,,213.8122728,,,0.000128426,0
5T32,,,9279,,,4.372,,,228.7282708,,,0.000127447,0
20S6,,,8642.79,,,4.644,,,215.3316107,,,0.000126094,0
6T29,,,9379.5,,,4.272,,,234.082397,,,0.000125881,0
7T18,,,8518.35,,,4.691,,,213.1741633,,,0.000125537,0
8S33,,,9969.78,,,3.997,,,250.1876407,,,0.00012519,0
24S6,,,9700.17,,,4.089,,,244.5585718,,,0.000124608,0
8S4,,,3702.73,,,10.692,,,93.52787131,,,0.000124374,I
7T17,,,8414.71,,,4.696,,,212.9471891,,,0.000124142,0
12S23,,,9950.43,,,3.965,,,252.2068096,,,0.000123947,0
6T28,,,9194.29,,,4.271,,,234.1372044,,,0.000123367,0
7T16,,,8316.07,,,4.7,,,212.7659574,,,0.000122791,0
7T15,,,8222.48,,,4.703,,,212.630236,,,0.000121486,0
12S22,,,9799.02,,,3.939,,,253.871541,,,0.00012126,0
6T27,,,9011.09,,,4.277,,,233.8087444,,,0.000121078,0
5T30,,,8930.17,,,4.298,,,232.6663564,,,0.00012058,0
7T14,,,8134.04,,,4.707,,,212.4495432,,,0.000120282,0
21S5,,,8639.18,,,4.429,,,225.7846015,,,0.000120207,0
10S1,,,3394.09,,,11.213,,,89.18219923,,,0.000119563,I
7T13,,,8050.83,,,4.711,,,212.2691573,,,0.000119153,0
4S8,,,3396.91,,,11.16,,,89.60573477,,,0.000119096,I
6T26,,,8831.46,,,4.29,,,233.1002331,,,0.000119025,0
7T12,,,7972.96,,,4.715,,,212.0890774,,,0.0001181,0
6T25,,,8656.69,,,4.309,,,232.0724066,,,0.000117187,0
7T11,,,7900.55,,,4.72,,,211.8644068,,,0.000117152,0
5T29,,,8751.14,,,4.257,,,234.9072117,,,0.000117036,0
7T10,,,7833.7,,,4.725,,,211.6402116,,,0.000116284,0
6T24,,,8487.69,,,4.332,,,230.8402585,,,0.000115512,0
7T9,,,7772.53,,,4.73,,,211.4164905,,,0.000115498,0
4T31,,,8385.31,,,4.361,,,229.3052052,,,0.000114883,0
7T8,,,7717.14,,,4.735,,,211.1932418,,,0.000114796,0
6T23,,,8324.95,,,4.358,,,229.4630564,,,0.000113977,0
7T6,,,7624.09,,,4.746,,,210.7037505,,,0.000113675,0
5T28,,,8568.6,,,4.218,,,237.0791844,,,0.000113545,0
7T5,,,7586.61,,,4.75,,,210.5263158,,,0.000113212,0
7T4,,,7555.27,,,4.754,,,210.3491796,,,0.000112839,0
7T3,,,7530.11,,,4.758,,,210.1723413,,,0.000112558,0
6T22,,,8168.68,,,4.385,,,228.050171,,,0.000112531,0
7T2,,,7511.2,,,4.76,,,210.0840336,,,0.000112322,0
7T1,,,7498.57,,,4.762,,,209.9958001,,,0.000112181,0
6T21,,,8018.91,,,4.413,,,226.6032178,,,0.000111173,0
21S1,,,7495.27,,,4.718,,,211.9542179,,,0.000111095,0
17S11,,,8942.7,,,3.946,,,253.421186,,,0.00011086,0
5T27,,,8382.56,,,4.183,,,239.0628735,,,0.000110158,0
6T20,,,7875.57,,,4.443,,,225.0731488,,,0.000109928,0
4T29,,,8044.29,,,4.339,,,230.4678497,,,0.000109655,0
6T19,,,7738.59,,,4.474,,,223.5136343,,,0.00010877,0
7S3,,,3082.21,,,11.19,,,89.36550492,,,0.000108353,I
11S19,,,8568.59,,,4.02,,,248.7562189,,,0.000108214,0
21S2,,,7514.86,,,4.577,,,218.483723,,,0.000108057,0
6T18,,,7607.9,,,4.506,,,221.9263205,,,0.000107698,0
19S4,,,7540.9,,,4.538,,,220.3613927,,,0.000107507,0
5T26,,,8193.48,,,4.159,,,240.442414,,,0.000107055,0
6T17,,,7483.49,,,4.54,,,220.2643172,,,0.000106736,0
18S1,,,6402.12,,,5.271,,,189.7173212,,,0.000106015,0
6T16,,,7365.37,,,4.574,,,218.6270223,,,0.000105838,0
4S7,,,3013.63,,,11.151,,,89.67805578,,,0.000105573,I
6T15,,,7253.56,,,4.609,,,216.9668041,,,0.000105029,0
17S7,,,7635.12,,,4.372,,,228.7282708,,,0.000104869,0
6T14,,,7148.14,,,4.644,,,215.3316107,,,0.000104288,0
5T25,,,8002.38,,,4.148,,,241.0800386,,,0.000104282,0
6T13,,,7049.19,,,4.68,,,213.6752137,,,0.000103642,T
19S3,,,7504.81,,,4.384,,,228.1021898,,,0.000103362,0
18S5,,,7517.39,,,4.365,,,229.0950745,,,0.000103086,0
6T12,,,6956.77,,,4.714,,,212.1340687,,,0.000103026,0
25S4,,,9749.46,,,3.347,,,298.7750224,,,0.000102515,0
6T11,,,6871.01,,,4.748,,,210.6149958,,,0.00010249,0
6T10,,,6791.98,,,4.78,,,209.2050209,,,0.000101994,0
5T24,,,7810.82,,,4.155,,,240.6738869,,,0.000101957,0
6T9,,,6719.78,,,4.81,,,207.9002079,,,0.000101543,0
6T8,,,6654.5,,,4.838,,,206.6969822,,,0.000101142,0
6T7,,,6596.24,,,4.864,,,205.5921053,,,0.000100795,0
17S6,,,7580.67,,,4.23,,,236.4066194,,,0.000100739,0
6T6,,,6545.07,,,4.887,,,204.624514,,,0.000100486,0
6T5,,,6501.07,,,4.907,,,203.7905034,,,0.000100219,0
5T23,,,7620.8,,,4.181,,,239.1772303,,,0.000100099,0
6T4,,,6464.29,,,4.924,,,203.0869212,,,1.00E-04,0
6T3,,,6434.81,,,4.938,,,202.5111381,,,9.98E-05,0
6T2,,,6412.65,,,4.948,,,202.1018593,,,9.97E-05,0
6T1,,,6397.86,,,4.955,,,201.8163471,,,9.96E-05,0
22S3,,,8559.91,,,3.686,,,271.2967987,,,9.91E-05,0
16S12,,,8944.33,,,3.522,,,283.9295855,,,9.90E-05,0
5T22,,,7434.43,,,4.226,,,236.6303833,,,9.87E-05,0
5T21,,,7253.69,,,4.286,,,233.3177788,,,9.77E-05,0
11S2,,,4058.47,,,7.638,,,130.9243257,,,9.74E-05,I
16S8,,,7689.68,,,4.011,,,249.3143854,,,9.69E-05,0
17S3,,,6452.27,,,4.679,,,213.7208805,,,9.48E-05,0
5T15,,,6339.76,,,4.713,,,212.1790791,,,9.39E-05,0
5T14,,,6217.17,,,4.768,,,209.7315436,,,9.31E-05,0
15S6,,,6595.93,,,4.489,,,222.7667632,,,9.30E-05,0
18S12,,,9894.79,,,2.975,,,336.1344538,,,9.25E-05,0
4S6,,,2626.93,,,11.136,,,89.79885057,,,9.19E-05,I
5T12,,,5996.15,,,4.856,,,205.9308072,,,9.15E-05,0
5T11,,,5897.53,,,4.891,,,204.4571662,,,9.06E-05,0
5T10,,,5806.78,,,4.919,,,203.2933523,,,8.97E-05,0
5T9,,,5723.92,,,4.943,,,202.3062917,,,8.89E-05,0
5T8,,,5649,,,4.961,,,201.5722637,,,8.80E-05,0
5T7,,,5582.08,,,4.976,,,200.9646302,,,8.73E-05,0
17S2,,,6395.21,,,4.327,,,231.1070025,,,8.69E-05,0
5T6,,,5523.25,,,4.987,,,200.5213555,,,8.65E-05,0
5T5,,,5472.6,,,4.996,,,200.1601281,,,8.59E-05,0
1T26,,,4996.3,,,5.44,,,183.8235294,,,8.54E-05,0
5T4,,,5430.22,,,5.002,,,199.920032,,,8.53E-05,0
4T19,,,6234.5,,,4.334,,,230.7337333,,,8.49E-05,0
5T2,,,5370.6,,,5.01,,,199.6007984,,,8.45E-05,0
5T1,,,5353.5,,,5.012,,,199.5211492,,,8.43E-05,0
16S1,,,5355.04,,,4.984,,,200.6420546,,,8.38E-05,0
15S5,,,6475.31,,,4.113,,,243.1315342,,,8.37E-05,0
14S2,,,5374.58,,,4.938,,,202.5111381,,,8.34E-05,0
4T18,,,6051.83,,,4.362,,,229.2526364,,,8.29E-05,0
14S3,,,5407.52,,,4.866,,,205.5076038,,,8.27E-05,0
13S4,,,5455.12,,,4.811,,,207.8569944,,,8.24E-05,0
6S2,,,2410.68,,,10.788,,,92.69558769,,,8.17E-05,I
13S9,,,6686.16,,,3.861,,,259.000259,,,8.11E-05,0
16S14,,,9304.36,,,2.698,,,370.6449222,,,7.89E-05,0
12S5,,,5527.66,,,4.539,,,220.3128442,,,7.88E-05,0
25S3,,,9424.61,,,2.646,,,377.9289494,,,7.83E-05,0
3S5,,,2234.54,,,11.122,,,89.91188635,,,7.81E-05,I
11S15,,,7919.06,,,3.012,,,332.0053121,,,7.49E-05,0
13S5,,,5834.28,,,4.079,,,245.158127,,,7.48E-05,0
4S46,,,9949.71,,,2.343,,,426.8032437,,,7.32E-05,M
4S45,,,9733.71,,,2.343,,,426.8032437,,,7.16E-05,M
23S3,,,8602.59,,,2.605,,,383.8771593,,,7.04E-05,0
4S44,,,9517.68,,,2.344,,,426.6211604,,,7.01E-05,M
16S4,,,6568.64,,,3.389,,,295.0722927,,,6.99E-05,0
4S43,,,9301.61,,,2.345,,,426.4392324,,,6.85E-05,M
4T9,,,4778.82,,,4.527,,,220.8968412,,,6.80E-05,0
4S42,,,9085.5,,,2.346,,,426.2574595,,,6.70E-05,M
4T8,,,4684.1,,,4.527,,,220.8968412,,,6.66E-05,0
12S6,,,5646.58,,,3.743,,,267.1653754,,,6.64E-05,0
19S5,,,7661.84,,,2.726,,,366.8378577,,,6.56E-05,0
18S8,,,8599.27,,,2.423,,,412.7115147,,,6.55E-05,0
4S41,,,8869.34,,,2.348,,,425.8943782,,,6.54E-05,M
4T7,,,4599.04,,,4.527,,,220.8968412,,,6.54E-05,0
4T6,,,4523.86,,,4.526,,,220.9456474,,,6.43E-05,0
3S40,,,8653.08,,,2.36,,,423.7288136,,,6.42E-05,M
3S4,,,1833.3,,,11.113,,,89.9847026,,,6.40E-05,I
4T5,,,4458.81,,,4.526,,,220.9456474,,,6.34E-05,0
18S6,,,7957.04,,,2.53,,,395.256917,,,6.32E-05,0
4T4,,,4404.14,,,4.527,,,220.8968412,,,6.26E-05,0
3T15,,,4865.33,,,4.089,,,244.5585718,,,6.25E-05,0
3S39,,,8436.86,,,2.35,,,425.5319149,,,6.23E-05,M
11S7,,,5563.67,,,3.563,,,280.6623632,,,6.23E-05,0
4T3,,,4360.07,,,4.527,,,220.8968412,,,6.20E-05,0
4T2,,,4326.83,,,4.527,,,220.8968412,,,6.15E-05,0
4T1,,,4304.57,,,4.528,,,220.8480565,,,6.12E-05,0
3S38,,,8220.55,,,2.352,,,425.170068,,,6.07E-05,M
12S1,,,4300.34,,,4.466,,,223.914017,,,6.03E-05,0
3T14,,,4677.69,,,4.078,,,245.2182442,,,5.99E-05,0
5S1,,,1713.79,,,11.019,,,90.75233687,,,5.93E-05,I
12S2,,,4330.16,,,4.357,,,229.5157218,,,5.93E-05,0
3S37,,,8004.19,,,2.353,,,424.9893753,,,5.92E-05,M
1T18,,,3859.82,,,4.874,,,205.1702913,,,5.91E-05,0
10S4,,,4381.16,,,4.217,,,237.1354043,,,5.80E-05,0
10S5,,,4469.75,,,4.129,,,242.1893921,,,5.80E-05,0
3S36,,,7787.76,,,2.355,,,424.6284501,,,5.76E-05,M
3S35,,,7571.27,,,2.357,,,424.2681375,,,5.61E-05,M
3S34,,,7354.71,,,2.358,,,424.0882103,,,5.45E-05,M
16S2,,,5697.12,,,3.042,,,328.731098,,,5.44E-05,0
3T11,,,4151.8,,,4.164,,,240.1536984,,,5.43E-05,0
3S33,,,7138.07,,,2.36,,,423.7288136,,,5.29E-05,M
3S32,,,6921.36,,,2.363,,,423.1908591,,,5.14E-05,M
3T8,,,3723.89,,,4.335,,,230.6805075,,,5.07E-05,0
3S31,,,6704.57,,,2.365,,,422.832981,,,4.98E-05,M
3T7,,,3607.3,,,4.393,,,227.6348737,,,4.98E-05,0
3T6,,,3504.29,,,4.449,,,224.7696111,,,4.90E-05,0
3S3,,,1417.19,,,11,,,90.90909091,,,4.90E-05,I
3T5,,,3415.15,,,4.5,,,222.2222222,,,4.83E-05,0
3S30,,,6487.7,,,2.368,,,422.2972973,,,4.83E-05,M
3T4,,,3340.2,,,4.546,,,219.9736032,,,4.77E-05,0
3T3,,,3279.74,,,4.585,,,218.1025082,,,4.72E-05,0
23S7,,,9983.94,,,1.497,,,668.002672,,,4.70E-05,0
3T2,,,3234.09,,,4.615,,,216.6847237,,,4.69E-05,0
3S29,,,6270.74,,,2.372,,,421.5851602,,,4.67E-05,M
3T1,,,3203.5,,,4.636,,,215.7031924,,,4.67E-05,0
10S3,,,4300.92,,,3.451,,,289.7710808,,,4.66E-05,0
2S25,,,5398.22,,,2.734,,,365.7644477,,,4.64E-05,M
1T13,,,3100.46,,,4.648,,,215.1462995,,,4.53E-05,0
3S28,,,6053.73,,,2.377,,,420.6983593,,,4.52E-05,M
9S1,,,3197.91,,,4.486,,,222.9157379,,,4.51E-05,0
17S8,,,7805.05,,,1.838,,,544.0696409,,,4.51E-05,0
3S26,,,5620.49,,,2.489,,,401.7677782,,,4.39E-05,M
9S6,,,4620.88,,,3.02,,,331.1258278,,,4.38E-05,0
3S27,,,5836.74,,,2.389,,,418.5851821,,,4.38E-05,M
6S7,,,3552.6,,,3.919,,,255.1671345,,,4.37E-05,0
12S7,,,5855.88,,,2.36,,,423.7288136,,,4.34E-05,0
1T12,,,2943.21,,,4.601,,,217.3440556,,,4.25E-05,0
6S6,,,3403.86,,,3.905,,,256.0819462,,,4.18E-05,0
2T9,,,3087.52,,,4.265,,,234.4665885,,,4.14E-05,0
8S3,,,3283.64,,,3.916,,,255.3626149,,,4.04E-05,0
2S24,,,5182.42,,,2.447,,,408.6636698,,,3.98E-05,M
2S15,,,3240.89,,,3.878,,,257.8648788,,,3.95E-05,M
2S23,,,4964.89,,,2.425,,,412.371134,,,3.78E-05,M
6S5,,,3266.82,,,3.683,,,271.5177844,,,3.78E-05,0
18S7,,,8301.04,,,1.444,,,692.5207756,,,3.77E-05,0
2S22,,,4746.99,,,2.424,,,412.5412541,,,3.61E-05,M
2S21,,,4528.88,,,2.43,,,411.5226337,,,3.46E-05,M
2S20,,,4310.64,,,2.44,,,409.8360656,,,3.30E-05,M
1S14,,,2975.79,,,3.408,,,293.42723,,,3.19E-05,M
8S6,,,4435.24,,,2.268,,,440.9171076,,,3.16E-05,0
2S19,,,4092.4,,,2.457,,,407.000407,,,3.16E-05,M
11S3,,,4462.42,,,2.235,,,447.4272931,,,3.13E-05,0
9S7,,,4872.64,,,2.041,,,489.955904,,,3.12E-05,0
2S2,,,937.85,,,10.432,,,95.85889571,,,3.07E-05,I
2S16,,,3443.46,,,2.821,,,354.4842255,,,3.05E-05,M
2S18,,,3874.44,,,2.489,,,401.7677782,,,3.03E-05,M
8S2,,,3214.23,,,2.954,,,338.5240352,,,2.98E-05,0
13S6,,,6161.19,,,1.541,,,648.9292667,,,2.98E-05,0
2S17,,,3657.42,,,2.564,,,390.0156006,,,2.95E-05,M
6S4,,,3092.11,,,2.894,,,345.5425017,,,2.81E-05,0
7S1,,,2224.25,,,4.018,,,248.8800398,,,2.81E-05,0
1S13,,,2766.24,,,2.895,,,345.4231434,,,2.52E-05,M
15S1,,,5295.75,,,1.471,,,679.8096533,,,2.45E-05,0
1S12,,,2555.06,,,2.738,,,365.230095,,,2.20E-05,M
11S1,,,3685.48,,,1.507,,,663.5700066,,,1.74E-05,0
2S1,,,403.96,,,2.52,,,396.8253968,,,3.20E-06,0
