,,Decay Rate,Decay Rate Uncertainty,Frequency,Frequency Uncertainty
2703.5,0.2,1.69E-05,8.49E-07,0.0027035,0.0000002
2737.5,0.6,4.96E-05,4.30E-06,0.0027375,0.0000006
2751.5,2.5,3.87E-05,4.32E-06,0.0027515,0.0000025
2776.1,0.4,3.49E-05,8.72E-07,0.0027761,0.0000004
2777.59,0.4,6.15E-05,5.24E-06,0.00277759,0.0000004
2783,1,3.98E-05,0.00E+00,0.002783,0.000001
2820.5,0.6,3.36E-05,2.22E-06,0.0028205,0.0000006
2821.85,0.15,2.08E-05,1.77E-06,0.00282185,0.00000015
2872.65,0.2,9.70E-06,9.02E-07,0.00287265,0.0000002
2877.95,0.4,3.76E-05,9.04E-07,0.00287795,0.0000004
2888.67,0.5,6.46E-05,2.72E-06,0.00288867,0.0000005
2897,0.7,5.23E-05,0.00E+00,0.002897,0.0000007
2912.7,1.5,3.99E-05,7.32E-06,0.0029127,0.0000015
2951,0.6,3.58E-05,2.78E-06,0.002951,0.0000006
2977.3,0.2,4.03E-05,9.35E-07,0.0029773,0.0000002
3000.96,0.5,6.76E-05,2.83E-06,0.00300096,0.0000005
3011.55,0.15,1.87E-05,9.46E-07,0.00301155,0.00000015
3063,2,5.12E-05,0.00E+00,0.003063,0.000002
3074.7,0.2,4.30E-05,9.66E-07,0.0030747,0.0000002
3082.12,0.5,3.81E-05,0.00E+00,0.00308212,0.0000005
3111.28,0.5,7.07E-05,3.91E-06,0.00311128,0.0000005
3170.7,0.15,4.58E-05,9.96E-07,0.0031707,0.00000015
3171.5,1.5,4.90E-05,0.00E+00,0.0031715,0.0000015
3219.52,0.55,4.05E-05,0.00E+00,0.00321952,0.00000055
3222.5,0.4,7.37E-05,3.54E-06,0.0032225,0.0000004
3230.5,0.5,2.49E-05,3.04E-06,0.0032305,0.0000005
3255,1.5,4.80E-05,0.00E+00,0.003255,0.0000015
3265.5,0.2,4.86E-05,1.03E-06,0.0032655,0.0000002
3267.5,3.5,4.31E-05,0.00E+00,0.0032675,0.0000035
3272.52,0.2,9.49E-06,3.08E-07,0.00327252,0.0000002
3292,0.3,2.10E-05,1.03E-06,0.003292,0.0000003
3333,0.6,7.67E-05,3.14E-06,0.003333,0.0000006
3340.84,1.5,6.32E-05,0.00E+00,0.00334084,0.0000015
3358.85,0.15,5.14E-05,1.06E-06,0.00335885,0.00000015
3361.36,0.45,4.30E-05,0.00E+00,0.00336136,0.00000045
3407,1.5,5.07E-05,0.00E+00,0.003407,0.0000015
3411.1,0.6,3.21E-05,0.00E+00,0.0034111,0.0000006
3443,0.6,7.96E-05,3.24E-06,0.003443,0.0000006
3451.35,0.15,5.42E-05,1.08E-06,0.00345135,0.00000015
3456,2.5,4.51E-05,0.00E+00,0.003456,0.0000025
3493.39,0.85,6.93E-05,0.00E+00,0.00349339,0.00000085
3507.55,0.55,4.58E-05,0.00E+00,0.00350755,0.00000055
3526,0.6,2.65E-05,1.66E-06,0.003526,0.0000006
3543.1,0.15,5.71E-05,1.11E-06,0.0035431,0.00000015
3553.3,0.5,8.25E-05,3.35E-06,0.0035533,0.0000005
3556.5,0.4,1.44E-05,1.68E-06,0.0035565,0.0000004
3560.5,1,5.34E-05,0.00E+00,0.0035605,0.000001
3634.2,0.15,5.99E-05,9.13E-07,0.0036342,0.00000015
3640.5,2.5,4.74E-05,0.00E+00,0.0036405,0.0000025
3643.75,0.6,7.32E-05,0.00E+00,0.00364375,0.0000006
3656.2,0.55,4.86E-05,0.00E+00,0.0036562,0.00000055
3657.78,0.35,2.41E-05,2.30E-06,0.00365778,0.00000035
3663.5,0.5,8.54E-05,3.45E-06,0.0036635,0.0000005
3707.5,1.5,3.44E-05,0.00E+00,0.0037075,0.0000015
3710,1,5.62E-05,0.00E+00,0.00371,0.000001
3724.7,0.2,6.27E-05,1.17E-06,0.0037247,0.0000002
3737.5,2,4.24E-05,0.00E+00,0.0037375,0.000002
3773.2,0.7,8.83E-05,4.74E-06,0.0037732,0.0000007
3792.23,0.9,7.66E-05,0.00E+00,0.00379223,0.0000009
3810.98,0.6,5.17E-05,0.00E+00,0.00381098,0.0000006
3814.8,0.2,6.55E-05,1.20E-06,0.0038148,0.0000002
3830.5,3.5,4.98E-05,0.00E+00,0.0038305,0.0000035
3843,5,5.18E-05,0.00E+00,0.003843,0.000005
3864.07,0.7,4.02E-05,0,0.00386407,0.0000007
3878.4,1.5,2.36E-05,2.44E-06,0.0038784,0.0000015
3882.9,0.7,9.12E-05,4.88E-06,0.0038829,0.0000007
3904.7,0.25,6.84E-05,1.23E-06,0.0039047,0.00000025
3939.97,0.8,7.97E-05,0.00E+00,0.00393997,0.0000008
3956,0.5,2.47E-05,2.49E-06,0.003956,0.0000005
3964.5,3,3.89E-05,0.00E+00,0.0039645,0.000003
3966.85,0.7,5.49E-05,0.00E+00,0.00396685,0.0000007
3990,5,5.30E-05,0,0.00399,0.000005
3992.6,0.8,9.41E-05,3.14E-06,0.0039926,0.0000008
3994,0.25,7.12E-05,1.25E-06,0.003994,0.00000025
4006,2,6.21E-05,0,0.004006,0.000002
4007.1,0.7,4.43E-05,0,0.0040071,0.0000007
4011,4.5,5.24E-05,0,0.004011,0.0000045
4040.5,1,6.61E-05,1.90E-06,0.0040405,0.000001
4083.5,0.3,7.40E-05,1.28E-06,0.0040835,0.0000003
4085.64,0.65,8.26E-05,0,0.00408564,0.00000065
4102.5,0.8,9.69E-05,5.16E-06,0.0041025,0.0000008
4106.43,0.25,1.33E-05,0.00E+00,0.00410643,0.00000025
4124.01,0.6,5.83E-05,0.00E+00,0.00412401,0.0000006
4152,2.5,6.51E-05,0.00E+00,0.004152,0.0000025
4153.5,1,4.75E-05,0,0.0041535,0.000001
4165.3,0.25,2.14E-05,1.96E-06,0.0041653,0.00000025
4172.5,0.3,7.68E-05,1.31E-06,0.0041725,0.0000003
4190,2,5.51E-05,0,0.00419,0.000002
4211.2,0.3,3.73E-05,0,0.0042112,0.0000003
4212.2,1,9.97E-05,0,0.0042122,0.000001
4231.47,0.8,8.54E-05,0,0.00423147,0.0000008
4234.1,0.3,3.21E-05,3.99E-06,0.0042341,0.0000003
4261.7,0.3,7.96E-05,1.34E-06,0.0042617,0.0000003
4283.8,0.7,6.17E-05,0,0.0042838,0.0000007
4292.05,1.1,5.03E-05,0,0.00429205,0.0000011
4295,1,6.82E-05,0,0.004295,0.000001
