frequencies,frequency_uncertainties,decay_rates,decay_rate_uncertainties,confidence_signal_index,full_model_snr,snr_without_signal,full_model_variance,variance_without_signal,snr_delta,variance_delta,noise_snr_delta_mean,noise_snr_delta_median,noise_snr_delta_std,noise_snr_delta_95th_percentile,noise_variance_delta_mean,noise_variance_delta_median,noise_variance_delta_std,noise_variance_delta_95th_percentile,snr_delta_zscore,variance_delta_zscore,snr_empirical_pvalue,variance_empirical_pvalue,snr_noise_rejection_percent,variance_noise_rejection_percent,snr_bh_qvalue,snr_bh_reject_fdr_0_05,variance_bh_qvalue,variance_bh_reject_fdr_0_05,snr_above_noise_95th_percentile,variance_above_noise_95th_percentile,snr_null_percentile,variance_null_percentile
0.003992971,6.75E-07,7.64E-05,8.25E-06,32,14.53781693,5.363209927,2.61E-17,1.86E-16,9.174607,1.60E-16,0.006777401,0.000840979,0.026293975,0.022325627,4.40E-19,5.40E-20,1.69E-18,1.49E-18,348.6665512,94.81153154,0.001996008,0.001996008,99.8003992,99.8003992,0.002903284,TRUE,0.002903284,TRUE,TRUE,TRUE,100,100
0.003953338,5.45E-06,0.000110276,8.54E-06,31,14.53781693,6.828449557,2.61E-17,1.17E-16,7.709367371,9.04E-17,0.014024642,0.00170099,0.03590316,0.10448577,4.57E-19,5.58E-20,1.16E-18,3.41E-18,214.3360845,77.41256555,0.001996008,0.001996008,99.8003992,99.8003992,0.002903284,TRUE,0.002903284,TRUE,TRUE,TRUE,100,100
0.003786152,2.46E-06,4.44E-05,1.48E-05,27,14.53781693,11.83380441,2.61E-17,3.93E-17,2.704012521,1.32E-17,0.019544124,0.010845077,0.026268587,0.05154654,1.28E-19,7.14E-20,1.71E-19,3.38E-19,102.1931035,76.63390167,0.001996008,0.001996008,99.8003992,99.8003992,0.002903284,TRUE,0.002903284,TRUE,TRUE,TRUE,100,100
0.002989354,4.85E-05,6.12E-05,1.75E-05,1,14.53781693,12.75798845,2.61E-17,3.39E-17,1.779828473,7.75E-18,0.019234462,0.014018186,0.019668893,0.059068476,1.01E-19,7.38E-20,1.03E-19,3.10E-19,89.51159627,74.27967381,0.001996008,0.001996008,99.8003992,99.8003992,0.002903284,TRUE,0.002903284,TRUE,TRUE,TRUE,100,100
0.003917525,2.46E-05,0.000310517,4.90E-05,30,14.53781693,12.14103729,2.61E-17,3.74E-17,2.396779641,1.13E-17,0.022281013,0.012437045,0.026850001,0.085193833,1.35E-19,7.59E-20,1.62E-19,5.16E-19,88.43570093,68.55842736,0.001996008,0.001996008,99.8003992,99.8003992,0.002903284,TRUE,0.002903284,TRUE,TRUE,TRUE,100,100
0.003722325,5.67E-06,7.37E-05,6.14E-06,26,14.53781693,5.665877535,2.61E-17,1.68E-16,8.871939393,1.42E-16,0.012441581,0.001692094,0.038452865,0.073153913,6.90E-19,9.51E-20,2.10E-18,4.12E-18,230.3989019,66.93542691,0.001996008,0.001996008,99.8003992,99.8003992,0.002903284,TRUE,0.002903284,TRUE,TRUE,TRUE,100,100
0.003818951,1.50E-06,6.69E-05,1.79E-05,28,14.53781693,6.554369795,2.61E-17,1.26E-16,7.983447132,1.00E-16,0.011589761,0.00211308,0.045075736,0.02749159,4.18E-19,7.84E-20,1.58E-18,1.03E-18,176.8547347,63.24657451,0.001996008,0.001996008,99.8003992,99.8003992,0.002903284,TRUE,0.002903284,TRUE,TRUE,TRUE,100,100
0.003360078,2.15E-06,8.07E-05,2.51E-05,12,14.53781693,7.747530655,2.61E-17,9.09E-17,6.790286273,6.48E-17,0.018235889,0.005578226,0.04756766,0.068454395,4.10E-19,1.28E-19,1.04E-18,1.56E-18,142.3666929,61.776841,0.001996008,0.001996008,99.8003992,99.8003992,0.002903284,TRUE,0.002903284,TRUE,TRUE,TRUE,100,100
0.003632485,2.80E-06,5.63E-05,9.45E-06,22,14.53781693,5.46980497,2.61E-17,1.80E-16,9.068011957,1.53E-16,0.00996532,0.001027708,0.044018349,0.030669244,5.99E-19,6.29E-20,2.57E-18,1.93E-18,205.7788799,59.36110543,0.001996008,0.001996008,99.8003992,99.8003992,0.002903284,TRUE,0.002903284,TRUE,TRUE,TRUE,100,100
0.003902267,1.81E-06,5.71E-05,2.98E-06,29,14.53781693,5.59432254,2.61E-17,1.72E-16,8.943494387,1.46E-16,0.011212449,0.001951597,0.045593585,0.047610829,6.34E-19,1.14E-19,2.51E-18,2.80E-18,195.9109354,57.70787173,0.001996008,0.001996008,99.8003992,99.8003992,0.002903284,TRUE,0.002903284,TRUE,TRUE,TRUE,100,100
0.003341794,2.06E-05,0.000118855,4.31E-05,11,14.53781693,10.18205938,2.61E-17,5.30E-17,4.355757544,2.69E-17,0.022522467,0.008057752,0.047690699,0.090132783,2.28E-19,8.28E-20,4.75E-19,9.17E-19,90.86121937,56.08924857,0.001996008,0.001996008,99.8003992,99.8003992,0.002903284,TRUE,0.002903284,TRUE,TRUE,TRUE,100,100
0.003538935,2.17E-06,5.43E-05,8.15E-06,19,14.53781693,6.433937717,2.61E-17,1.31E-16,8.103879211,1.05E-16,0.011724394,0.002069291,0.053658441,0.015874109,4.40E-19,8.10E-20,1.96E-18,6.27E-19,150.8086075,53.18159648,0.001996008,0.001996008,99.8003992,99.8003992,0.002903284,TRUE,0.002903284,TRUE,TRUE,TRUE,100,100
0.003074181,1.08E-06,4.18E-05,3.59E-06,4,14.53781693,6.591768866,2.61E-17,1.25E-16,7.946048061,9.87E-17,0.016121146,0.001611239,0.06705184,0.04620114,5.60E-19,5.85E-20,2.28E-18,1.69E-18,118.2656117,43.12077596,0.001996008,0.001996008,99.8003992,99.8003992,0.002903284,TRUE,0.002903284,TRUE,TRUE,TRUE,100,100
0.003261424,1.88E-05,5.46E-05,2.14E-05,9,14.53781693,13.04904199,2.61E-17,3.24E-17,1.488774941,6.27E-18,0.02588384,0.014567046,0.03588983,0.095214342,1.27E-19,7.17E-20,1.74E-19,4.65E-19,40.76060314,35.28199677,0.001996008,0.001996008,99.8003992,99.8003992,0.002903284,TRUE,0.002903284,TRUE,TRUE,TRUE,100,100
0.003169078,2.51E-06,4.22E-05,6.91E-06,6,14.53781693,7.597527979,2.61E-17,9.45E-17,6.940288948,6.84E-17,0.028210493,0.002914503,0.105473803,0.170835642,6.38E-19,7.06E-20,2.32E-18,4.04E-18,65.5336043,29.2337032,0.001996008,0.001996008,99.8003992,99.8003992,0.002903284,TRUE,0.002903284,TRUE,TRUE,TRUE,100,100
0.003510939,5.00E-05,0.000231927,1.72E-05,18,14.53781693,13.91558619,2.61E-17,2.85E-17,0.622230739,2.38E-18,0.026547078,0.020571611,0.024600069,0.079195557,1.08E-19,8.36E-20,9.92E-20,3.20E-19,24.21471535,22.86725871,0.001996008,0.001996008,99.8003992,99.8003992,0.002903284,TRUE,0.002903284,TRUE,TRUE,TRUE,100,100
0.003660567,4.70E-05,0.000325856,2.92E-05,23,14.53781693,13.97691384,2.61E-17,2.83E-17,0.560903084,2.13E-18,0.025453335,0.01597445,0.028226686,0.0808862,1.02E-19,6.41E-20,1.12E-19,3.23E-19,18.96962831,18.03715331,0.001996008,0.001996008,99.8003992,99.8003992,0.002903284,TRUE,0.002903284,TRUE,TRUE,TRUE,100,100
0.003681392,5.02E-05,0.000217761,2.45E-05,24,14.53781693,14.01524062,2.61E-17,2.81E-17,0.522576306,1.98E-18,0.024980979,0.01538339,0.029732709,0.082424353,9.90E-20,6.12E-20,1.17E-19,3.26E-19,16.73562003,15.99331457,0.001996008,0.001996008,99.8003992,99.8003992,0.002903284,TRUE,0.002903284,TRUE,TRUE,TRUE,100,100
0.003259989,2.92E-05,4.50E-05,4.54E-05,8,14.53781693,14.12925371,2.61E-17,2.77E-17,0.408563215,1.53E-18,0.027073288,0.018191084,0.028706222,0.081724036,1.05E-19,7.07E-20,1.11E-19,3.16E-19,13.28945105,12.85088597,0.001996008,0.001996008,99.8003992,99.8003992,0.002903284,TRUE,0.002903284,TRUE,TRUE,TRUE,100,100
0.003685036,5.00E-05,0.000229065,2.54E-05,25,14.53781693,14.12898518,2.61E-17,2.77E-17,0.408831748,1.53E-18,0.025232237,0.015416361,0.029794543,0.082618987,9.76E-20,5.99E-20,1.15E-19,3.19E-19,12.87482445,12.45230175,0.001996008,0.001996008,99.8003992,99.8003992,0.002903284,TRUE,0.002903284,TRUE,TRUE,TRUE,100,100
0.003614781,2.04E-05,0.00051734,5.06E-05,21,14.53781693,14.30432984,2.61E-17,2.70E-17,0.233487087,8.56E-19,0.026750819,0.017674351,0.026936213,0.086220509,9.98E-20,6.62E-20,1.00E-19,3.21E-19,7.675031008,7.551660599,0.001996008,0.001996008,99.8003992,99.8003992,0.002903284,TRUE,0.002903284,TRUE,TRUE,TRUE,100,100
0.003262418,3.84E-05,0.000231735,4.60E-05,10,14.53781693,14.31072958,2.61E-17,2.70E-17,0.227087346,8.32E-19,0.025978469,0.017029605,0.027524655,0.075678367,9.68E-20,6.37E-20,1.02E-19,2.82E-19,7.306499331,7.197400288,0.001996008,0.001996008,99.8003992,99.8003992,0.002903284,TRUE,0.002903284,TRUE,TRUE,TRUE,100,100
